PLAYER_NAME,AGE,TEAM_ABBREVIATION,GP,MPG,clock,FG%,FT%,3P%,PPG,RPG,APG,AST_TO,SPG,BPG,STOCKS,STOCKS_PG,OREB_PG,DREB_PG,TOV_PG,PF_PG,FGA_PG,FGM_PG,FTA_PG,FTM_PG,3PA_PG,3PM_PG,2PA_PG,2PM_PG,2P%,NBA_FANTASY_PTS_PG
Paul Pierce,24.0,BOS,82,40.23,40:13,0.442,0.809,0.404,26.146,6.902,3.183,1.083,1.878,1.049,240,2.927,0.988,5.915,2.939,2.89,19.488,8.622,7.841,6.341,6.341,2.561,13.146,6.061,0.461,45.045
Tim Duncan,26.0,SAS,82,40.63,40:37,0.508,0.799,0.1,25.476,12.707,3.744,1.167,0.744,2.476,264,3.22,3.268,9.439,3.207,2.646,18.341,9.317,8.549,6.829,0.122,0.012,18.22,9.305,0.511,52.791
Kobe Bryant,23.0,LAL,80,38.314,38:18,0.469,0.829,0.25,25.238,5.512,5.475,1.964,1.475,0.438,153,1.912,1.4,4.112,2.788,2.85,19.962,9.362,7.362,6.1,1.65,0.412,18.312,8.95,0.489,43.015
Tracy McGrady,23.0,ORL,76,38.274,38:16,0.451,0.748,0.364,25.632,7.842,5.263,2.116,1.566,0.961,192,2.526,1.974,5.868,2.487,1.829,20.868,9.408,7.303,5.461,3.724,1.355,17.145,8.053,0.47,48.029
Allen Iverson,27.0,PHI,60,43.736,43:44,0.398,0.812,0.291,31.383,4.483,5.517,1.397,2.8,0.217,181,3.017,0.733,3.75,3.95,1.7,27.817,11.083,9.75,7.917,4.467,1.3,23.35,9.783,0.419,50.138
Shaquille O'Neal,30.0,LAL,67,36.129,36:07,0.579,0.555,0.0,27.194,10.672,2.985,1.17,0.612,2.045,178,2.657,3.507,7.164,2.552,2.97,18.343,10.627,10.701,5.94,0.015,0.0,18.328,10.627,0.58,49.896
Gary Payton,33.0,SEA,82,40.209,40:12,0.467,0.797,0.314,22.134,4.829,8.988,3.526,1.598,0.317,157,1.915,0.976,3.854,2.549,2.183,19.244,8.988,4.085,3.256,2.878,0.902,16.366,8.085,0.494,44.606
Antoine Walker,25.0,BOS,81,42.055,42:03,0.394,0.741,0.344,22.148,8.815,5.025,1.622,1.506,0.469,160,1.975,1.852,6.963,3.099,2.926,20.852,8.222,4.0,2.963,7.963,2.741,12.889,5.481,0.425,43.09
Karl Malone,38.0,UTA,80,37.969,37:58,0.454,0.797,0.36,22.35,8.575,4.262,1.297,1.9,0.738,211,2.638,1.775,6.8,3.288,2.862,17.488,7.938,7.988,6.362,0.312,0.112,17.175,7.825,0.456,43.659
Dirk Nowitzki,24.0,DAL,76,38.039,38:02,0.477,0.853,0.397,23.408,9.934,2.447,1.283,1.092,1.013,160,2.105,1.579,8.355,1.908,2.921,16.553,7.895,6.789,5.789,4.605,1.829,11.947,6.066,0.508,43.408
Kevin Garnett,26.0,MIN,81,39.154,39:09,0.47,0.801,0.319,21.16,12.111,5.21,1.843,1.185,1.556,222,2.741,3.0,9.111,2.827,2.272,17.296,8.136,5.531,4.432,1.432,0.457,15.864,7.679,0.484,48.904
Jalen Rose,29.0,CHI,83,38.019,38:01,0.455,0.839,0.362,20.434,4.494,4.277,1.766,0.94,0.542,123,1.482,0.518,3.976,2.422,3.024,17.566,7.988,4.036,3.386,2.964,1.072,14.602,6.916,0.474,34.266
Stephon Marbury,25.0,PHX,82,38.859,38:51,0.442,0.781,0.286,20.415,3.244,8.122,2.345,0.939,0.159,90,1.098,0.915,2.329,3.463,2.268,17.232,7.622,5.512,4.305,3.024,0.866,14.207,6.756,0.476,36.32
Shareef Abdur-Rahim,25.0,ATL,77,38.676,38:40,0.461,0.801,0.3,21.247,9.039,3.104,0.956,1.273,1.052,179,2.325,2.571,6.468,3.247,2.779,16.844,7.766,6.792,5.442,0.909,0.273,15.935,7.494,0.47,40.477
Jerry Stackhouse,27.0,DET,76,35.342,35:20,0.397,0.858,0.287,21.434,4.145,5.303,1.515,1.013,0.487,114,1.5,1.013,3.132,3.5,2.145,17.355,6.895,7.592,6.513,3.947,1.132,13.408,5.763,0.43,35.362
Antawn Jamison,26.0,GSW,82,36.992,36:59,0.447,0.734,0.324,19.744,6.78,1.963,1.0,0.854,0.549,115,1.402,2.573,4.207,1.963,2.28,16.768,7.488,5.366,3.939,2.561,0.829,14.207,6.659,0.469,33.07
Cuttino Mobley,26.0,HOU,74,42.105,42:06,0.438,0.85,0.395,21.703,4.054,2.527,1.039,1.473,0.5,146,1.973,0.851,3.203,2.432,2.554,18.351,8.041,4.243,3.608,5.095,2.014,13.257,6.027,0.455,33.845
Latrell Sprewell,31.0,NYK,81,41.085,41:05,0.404,0.821,0.36,19.444,3.679,3.864,1.404,1.16,0.173,108,1.333,0.728,2.951,2.753,1.988,17.519,7.074,4.272,3.506,4.975,1.79,12.543,5.284,0.421,30.902
Allan Houston,31.0,NYK,77,37.859,37:51,0.437,0.87,0.393,20.351,3.273,2.468,1.118,0.701,0.13,64,0.831,0.481,2.792,2.208,2.364,16.896,7.377,4.403,3.831,4.494,1.766,12.403,5.61,0.452,28.265
Shawn Marion,24.0,PHX,81,38.364,38:21,0.469,0.845,0.393,19.099,9.914,2.012,1.132,1.84,1.062,235,2.901,2.605,7.309,1.778,2.642,17.222,8.074,2.79,2.358,1.506,0.593,15.716,7.481,0.476,40.94
Wally Szczerbiak,25.0,MIN,82,38.056,38:03,0.507,0.831,0.455,18.671,4.768,3.134,1.42,0.805,0.256,87,1.061,1.463,3.305,2.207,2.293,14.634,7.427,3.317,2.756,2.329,1.061,12.305,6.366,0.517,30.07
Rasheed Wallace,27.0,POR,79,37.541,37:32,0.469,0.734,0.36,19.253,8.165,1.924,1.16,1.278,1.278,202,2.557,1.722,6.443,1.658,2.684,16.291,7.633,3.468,2.544,4.013,1.443,12.278,6.19,0.504,37.949
Peja Stojakovic,25.0,SAC,71,37.302,37:18,0.484,0.876,0.416,21.211,5.254,2.465,1.25,1.141,0.197,95,1.338,1.014,4.239,1.972,1.69,15.915,7.704,4.549,3.986,4.366,1.817,11.549,5.887,0.51,33.255
Jason Terry,24.0,ATL,78,38.045,38:02,0.43,0.835,0.387,19.282,3.462,5.692,2.453,1.846,0.167,157,2.013,0.513,2.949,2.321,2.0,15.628,6.718,4.359,3.641,5.692,2.205,9.936,4.513,0.454,35.692
Ray Allen,26.0,MIL,69,36.605,36:36,0.462,0.873,0.434,21.783,4.522,3.928,1.704,1.275,0.261,106,1.536,1.174,3.348,2.304,2.275,16.638,7.681,3.551,3.101,7.652,3.319,8.986,4.362,0.485,35.404
Baron Davis,23.0,CHH,82,40.485,40:29,0.417,0.58,0.356,18.098,4.256,8.512,2.837,2.098,0.573,219,2.671,1.134,3.122,3.0,2.939,16.354,6.817,4.122,2.39,5.829,2.073,10.524,4.744,0.451,40.985
Vince Carter,25.0,TOR,60,39.761,39:45,0.428,0.798,0.387,24.733,5.217,3.983,1.552,1.567,0.75,139,2.317,2.3,2.917,2.567,3.183,21.783,9.317,5.117,4.083,5.217,2.017,16.567,7.3,0.441,41.352
Eddie Jones,30.0,MIA,81,38.953,38:57,0.432,0.837,0.39,18.272,4.667,3.235,1.77,1.444,0.951,194,2.395,0.753,3.914,1.827,3.185,14.79,6.383,4.383,3.667,4.716,1.84,10.074,4.543,0.451,34.081
Steve Nash,28.0,DAL,82,34.609,34:36,0.483,0.887,0.455,17.878,3.098,7.732,2.769,0.646,0.049,57,0.695,0.61,2.488,2.793,2.0,13.268,6.402,3.573,3.171,4.183,1.902,9.085,4.5,0.495,32.485
Sam Cassell,32.0,MIL,74,35.225,35:13,0.463,0.86,0.348,19.743,4.216,6.662,2.785,1.216,0.162,102,1.378,0.73,3.486,2.392,2.811,16.176,7.486,4.432,3.811,2.757,0.959,13.419,6.527,0.486,36.539
Elton Brand,23.0,LAC,80,37.703,37:42,0.527,0.742,,18.162,11.562,2.388,1.104,1.0,2.038,243,3.038,4.95,6.612,2.162,3.175,12.625,6.65,6.55,4.862,0.0,0.0,12.625,6.65,0.527,42.569
Pau Gasol,21.0,MEM,82,36.608,36:36,0.518,0.709,0.2,17.573,8.902,2.72,0.996,0.5,2.061,210,2.561,2.902,6.0,2.732,2.378,12.976,6.72,5.817,4.122,0.061,0.012,12.915,6.707,0.519,37.287
Michael Finley,29.0,DAL,69,39.93,39:55,0.463,0.837,0.339,20.638,5.217,3.333,1.966,0.942,0.362,90,1.304,1.304,3.913,1.696,2.087,17.797,8.246,3.638,3.043,3.246,1.101,14.551,7.145,0.491,34.116
Michael Jordan,39.0,WAS,60,34.817,34:49,0.416,0.79,0.189,22.917,5.65,5.167,1.914,1.417,0.433,111,1.85,0.833,4.817,2.7,1.983,22.067,9.183,5.55,4.383,0.883,0.167,21.183,9.017,0.426,40.297
Jermaine O'Neal,23.0,IND,72,37.609,37:36,0.479,0.688,0.071,19.042,10.514,1.639,0.678,0.625,2.306,211,2.931,2.611,7.903,2.417,3.736,15.736,7.542,5.736,3.944,0.194,0.014,15.542,7.528,0.484,40.492
Glenn Robinson,29.0,MIL,66,35.57,35:34,0.467,0.837,0.326,20.697,6.152,2.545,0.966,1.47,0.621,138,2.091,1.061,5.091,2.636,2.621,17.379,8.121,4.273,3.576,2.697,0.879,14.682,7.242,0.493,35.533
Andre Miller,26.0,CLE,81,37.276,37:16,0.454,0.817,0.253,16.481,4.679,10.889,3.6,1.556,0.42,160,1.975,1.333,3.346,3.025,2.815,12.901,5.852,5.519,4.506,1.074,0.272,11.827,5.58,0.472,41.331
Chris Webber,29.0,SAC,54,38.376,38:22,0.495,0.749,0.263,24.481,10.111,4.796,1.639,1.667,1.407,166,3.074,2.778,7.333,2.926,3.352,19.907,9.852,6.259,4.685,0.352,0.093,19.556,9.759,0.499,50.106
Nick Van Exel,30.0,DAL,72,34.69,34:41,0.409,0.801,0.34,18.361,3.528,6.639,3.064,0.611,0.153,55,0.764,0.389,3.139,2.167,1.444,17.028,6.958,3.486,2.792,4.861,1.653,12.167,5.306,0.436,32.678
Reggie Miller,36.0,IND,79,36.591,36:35,0.453,0.911,0.406,16.506,2.772,3.203,2.108,1.114,0.127,98,1.241,0.291,2.481,1.519,1.81,11.557,5.241,4.114,3.747,5.608,2.278,5.949,2.962,0.498,26.839
Richard Hamilton,24.0,WAS,63,34.925,34:55,0.435,0.89,0.381,20.0,3.429,2.714,1.295,0.603,0.222,52,0.825,1.159,2.27,2.095,2.159,17.206,7.492,5.349,4.762,0.667,0.254,16.54,7.238,0.438,28.567
Bonzi Wells,25.0,POR,74,31.763,31:45,0.469,0.741,0.384,16.959,6.0,2.757,1.068,1.527,0.338,138,1.865,1.635,4.365,2.581,2.811,14.041,6.581,3.919,2.905,2.324,0.892,11.716,5.689,0.486,31.308
Steve Francis,25.0,HOU,57,41.065,41:03,0.417,0.773,0.324,21.649,7.035,6.351,1.638,1.246,0.439,96,1.684,1.789,5.246,3.877,3.018,17.667,7.368,7.404,5.719,3.684,1.193,13.982,6.175,0.442,40.793
Jason Kidd,29.0,NJN,82,37.269,37:16,0.391,0.814,0.321,14.732,7.256,9.854,2.825,2.134,0.244,195,2.378,1.585,5.671,3.488,1.659,13.878,5.427,3.012,2.451,4.439,1.427,9.439,4.0,0.424,41.866
Keith Van Horn,26.0,NJN,81,30.391,30:23,0.433,0.8,0.345,14.802,7.519,2.025,1.123,0.778,0.519,105,1.296,1.691,5.827,1.802,2.728,13.444,5.815,2.407,1.926,3.617,1.247,9.827,4.568,0.465,28.948
Rashard Lewis,22.0,SEA,71,36.389,36:23,0.468,0.81,0.389,16.831,7.014,1.732,1.268,1.465,0.563,144,2.028,1.958,5.056,1.366,2.451,13.69,6.408,2.817,2.282,4.451,1.732,9.239,4.676,0.506,32.565
Juwan Howard,29.0,DEN,81,32.522,32:31,0.46,0.761,0.0,14.63,7.556,2.086,1.112,0.568,0.58,93,1.148,2.753,4.802,1.877,3.272,12.407,5.704,4.235,3.222,0.025,0.0,12.383,5.704,0.461,28.394
Jeff McInnis,27.0,LAC,81,37.428,37:25,0.413,0.836,0.321,14.617,2.63,6.173,3.401,0.778,0.074,69,0.852,0.556,2.074,1.815,2.494,13.84,5.716,2.704,2.259,2.889,0.926,10.951,4.79,0.437,27.773
Alonzo Mourning,32.0,MIA,75,32.71,32:42,0.516,0.657,0.333,15.707,8.427,1.16,0.478,0.36,2.48,213,2.84,2.427,6.0,2.427,3.44,11.547,5.96,5.747,3.773,0.04,0.013,11.507,5.947,0.517,33.652
Wesley Person,31.0,CLE,78,35.809,35:48,0.495,0.798,0.444,15.077,3.769,2.218,2.338,0.987,0.474,114,1.462,0.641,3.128,0.949,1.192,12.103,5.987,1.59,1.269,4.128,1.833,7.974,4.154,0.521,26.363
Lamond Murray,29.0,CLE,71,32.544,32:32,0.436,0.817,0.424,16.563,5.239,2.211,1.113,0.986,0.606,113,1.592,1.141,4.099,1.986,2.085,13.887,6.056,3.704,3.028,3.352,1.423,10.535,4.634,0.44,28.956
Clifford Robinson,35.0,DET,80,35.683,35:40,0.425,0.694,0.378,14.575,4.838,2.525,1.338,1.112,1.188,184,2.3,0.988,3.85,1.888,3.038,13.362,5.675,2.575,1.788,3.8,1.438,9.562,4.238,0.443,29.18
Brent Barry,30.0,SEA,81,37.509,37:30,0.508,0.846,0.424,14.37,5.444,5.259,2.582,1.815,0.457,184,2.272,0.716,4.728,2.037,2.247,9.753,4.951,2.889,2.444,4.778,2.025,4.975,2.926,0.588,33.57
Jason Richardson,21.0,GSW,80,32.848,32:50,0.426,0.671,0.333,14.388,4.25,2.95,1.475,1.325,0.388,137,1.712,1.55,2.7,2.0,2.438,13.625,5.8,2.625,1.762,3.075,1.025,10.55,4.775,0.453,27.05
Kurt Thomas,29.0,NYK,82,33.774,33:46,0.494,0.815,0.167,13.939,9.11,1.061,0.569,0.866,0.963,150,1.829,2.61,6.5,1.866,4.159,11.439,5.646,3.232,2.634,0.073,0.012,11.366,5.634,0.496,30.084
Shane Battier,23.0,MEM,78,39.719,39:43,0.429,0.7,0.373,14.423,5.359,2.769,1.394,1.551,1.038,202,2.59,2.308,3.051,1.987,2.756,12.321,5.282,3.628,2.538,3.538,1.321,8.782,3.962,0.451,30.79
Antonio Davis,33.0,TOR,77,38.662,38:39,0.426,0.818,0.0,14.455,9.61,2.013,0.975,0.701,1.078,137,1.779,3.299,6.312,2.065,2.922,12.506,5.325,4.649,3.805,0.013,0.0,12.494,5.325,0.426,32.279
John Stockton,40.0,UTA,82,31.337,31:20,0.517,0.857,0.321,13.439,3.207,8.22,3.24,1.854,0.293,176,2.146,0.72,2.488,2.537,2.549,9.451,4.89,3.915,3.354,0.951,0.305,8.5,4.585,0.539,33.52
Kerry Kittles,28.0,NJN,82,31.691,31:41,0.466,0.744,0.405,13.439,3.354,2.634,1.982,1.585,0.378,161,1.963,0.829,2.524,1.329,1.317,11.463,5.341,2.098,1.561,2.951,1.195,8.512,4.146,0.487,25.976
Mike Bibby,24.0,SAC,80,33.217,33:13,0.453,0.803,0.37,13.725,2.775,5.038,3.007,1.088,0.188,102,1.275,0.462,2.312,1.675,1.662,12.312,5.575,2.412,1.938,1.725,0.638,10.588,4.938,0.466,26.761
Kenyon Martin,24.0,NJN,73,34.312,34:18,0.463,0.678,0.224,14.877,5.315,2.63,1.116,1.233,1.658,211,2.89,1.548,3.767,2.356,3.575,13.178,6.096,3.658,2.479,0.918,0.205,12.26,5.89,0.48,31.515
Quentin Richardson,22.0,LAC,81,26.591,26:35,0.433,0.765,0.381,13.309,4.123,1.58,1.255,0.963,0.259,99,1.222,1.395,2.728,1.259,1.753,11.444,4.951,2.309,1.765,4.309,1.642,7.136,3.309,0.464,23.035
Elden Campbell,33.0,CHH,77,28.027,28:01,0.484,0.797,0.0,13.948,6.883,1.325,0.739,0.779,1.779,197,2.558,1.727,5.156,1.792,3.429,10.312,4.987,4.987,3.974,0.026,0.0,10.286,4.987,0.485,30.078
Corliss Williamson,28.0,DET,78,21.888,21:53,0.51,0.805,0.2,13.628,4.103,1.205,0.686,0.628,0.333,75,0.962,1.513,2.59,1.756,2.897,10.333,5.269,3.821,3.077,0.064,0.013,10.269,5.256,0.512,21.487
Raef LaFrentz,26.0,DAL,78,31.46,31:27,0.458,0.695,0.388,13.474,7.423,1.141,0.947,0.705,2.731,268,3.436,2.256,5.167,1.205,3.603,11.795,5.397,1.936,1.346,3.436,1.333,8.359,4.064,0.486,33.196
Brad Miller,26.0,IND,76,29.79,29:47,0.499,0.775,0.429,13.579,8.171,2.0,1.322,1.0,0.539,117,1.539,3.316,4.855,1.513,3.211,9.645,4.816,5.039,3.908,0.092,0.039,9.553,4.776,0.5,29.489
Chauncey Billups,25.0,MIN,82,28.731,28:43,0.423,0.885,0.394,12.524,2.756,5.488,3.261,0.805,0.207,83,1.012,0.427,2.329,1.683,2.061,10.037,4.244,2.854,2.524,3.841,1.512,6.195,2.732,0.441,25.417
Damon Stoudamire,28.0,POR,75,37.244,37:14,0.402,0.888,0.353,13.547,3.893,6.533,3.289,0.893,0.093,74,0.987,1.04,2.853,1.987,2.04,12.24,4.92,2.613,2.32,3.933,1.387,8.307,3.533,0.425,28.992
Kenny Thomas,24.0,HOU,72,34.464,34:27,0.478,0.664,0.0,14.097,7.167,1.903,0.958,1.181,0.917,151,2.097,2.194,4.972,1.986,2.708,11.514,5.5,4.667,3.097,0.222,0.0,11.292,5.5,0.487,29.857
Darrell Armstrong,34.0,ORL,82,33.333,33:19,0.42,0.888,0.349,12.378,3.89,5.524,2.589,1.915,0.122,167,2.037,1.012,2.878,2.134,2.024,10.085,4.232,2.5,2.22,4.854,1.695,5.232,2.537,0.485,29.309
Doug Christie,32.0,SAC,81,34.519,34:31,0.46,0.851,0.352,12.0,4.617,4.198,2.073,1.975,0.309,185,2.284,0.914,3.704,2.025,2.58,9.074,4.173,2.988,2.543,3.16,1.111,5.914,3.062,0.518,28.664
Alvin Williams,27.0,TOR,82,35.767,35:46,0.415,0.736,0.321,11.841,3.427,5.707,3.12,1.646,0.317,161,1.963,0.707,2.72,1.829,2.329,11.841,4.915,1.707,1.256,2.354,0.756,9.488,4.159,0.438,28.576
Ricky Davis,22.0,CLE,82,23.853,23:51,0.481,0.79,0.314,11.695,2.963,2.171,1.203,0.841,0.28,92,1.122,0.768,2.195,1.805,1.768,9.524,4.585,3.024,2.39,0.427,0.134,9.098,4.451,0.489,20.068
Anfernee Hardaway,30.0,PHX,80,30.811,30:48,0.418,0.81,0.277,11.988,4.375,4.05,1.714,1.525,0.4,154,1.925,1.225,3.15,2.362,2.3,11.638,4.862,2.438,1.975,1.038,0.288,10.6,4.575,0.432,26.725
Jason Williams,26.0,MEM,65,34.425,34:25,0.382,0.792,0.295,14.754,3.0,7.985,2.425,1.708,0.108,118,1.815,0.338,2.662,3.292,1.569,15.154,5.785,1.554,1.231,6.615,1.954,8.538,3.831,0.449,32.485
Matt Harpring,26.0,PHI,81,31.447,31:26,0.461,0.743,0.304,11.827,7.074,1.321,0.843,0.864,0.062,75,0.926,2.506,4.568,1.568,2.481,10.346,4.765,2.741,2.037,0.852,0.259,9.494,4.506,0.475,23.507
Chucky Atkins,27.0,DET,79,28.868,28:52,0.466,0.692,0.411,12.114,2.0,3.329,2.055,0.911,0.139,83,1.051,0.392,1.608,1.62,2.241,10.0,4.658,1.519,1.051,4.253,1.747,5.747,2.911,0.507,21.039
Mike Miller,22.0,ORL,63,33.776,33:46,0.438,0.762,0.383,15.175,4.333,3.143,1.833,0.746,0.365,70,1.111,0.778,3.556,1.714,2.302,12.73,5.571,2.873,2.19,4.81,1.841,7.921,3.73,0.471,26.708
David Wesley,31.0,CHH,67,37.17,37:10,0.4,0.734,0.332,14.194,2.134,3.522,1.983,1.104,0.224,89,1.328,0.657,1.478,1.776,2.194,13.582,5.433,2.806,2.06,3.821,1.269,9.761,4.164,0.427,24.248
David Robinson,36.0,SAS,78,29.554,29:33,0.507,0.681,,12.192,8.295,1.205,0.904,1.103,1.795,226,2.897,2.449,5.846,1.333,2.474,8.615,4.372,5.064,3.449,0.0,0.0,8.615,4.372,0.507,31.313
Troy Hudson,26.0,ORL,81,22.937,22:56,0.434,0.876,0.353,11.728,1.79,3.148,1.564,0.704,0.074,63,0.778,0.37,1.42,2.012,1.469,10.062,4.37,2.481,2.173,2.309,0.815,7.753,3.556,0.459,18.92
Marcus Fizer,23.0,CHI,76,25.854,25:51,0.438,0.668,0.171,12.342,5.618,1.579,0.916,0.645,0.316,73,0.961,1.684,3.934,1.724,2.447,11.158,4.882,3.724,2.487,0.539,0.092,10.618,4.789,0.451,22.611
Desmond Mason,24.0,SEA,75,32.241,32:14,0.464,0.848,0.271,12.413,4.68,1.387,1.0,0.893,0.36,94,1.253,1.227,3.453,1.387,2.267,10.253,4.76,3.16,2.68,0.787,0.213,9.467,4.547,0.48,22.483
Dikembe Mutombo,36.0,PHI,80,36.32,36:19,0.501,0.764,,11.5,10.788,1.038,0.532,0.362,2.375,219,2.738,3.175,7.612,1.95,3.025,8.012,4.012,4.55,3.475,0.0,0.0,8.012,4.012,0.501,32.264
Rodney Rogers,31.0,BOS,77,24.421,24:25,0.471,0.785,0.374,11.909,4.519,1.442,1.028,0.857,0.377,95,1.234,1.675,2.844,1.403,2.935,9.818,4.623,1.935,1.519,3.052,1.143,6.766,3.481,0.514,21.794
Keon Clark,27.0,TOR,81,26.998,26:59,0.49,0.674,0.0,11.296,7.444,1.086,0.629,0.716,1.506,180,2.222,2.247,5.198,1.728,3.185,9.568,4.691,2.84,1.914,0.062,0.0,9.506,4.691,0.494,26.798
Bobby Jackson,29.0,SAC,81,21.639,21:38,0.443,0.81,0.361,11.062,3.099,2.025,1.763,0.901,0.136,84,1.037,1.012,2.086,1.148,1.79,9.309,4.123,2.272,1.84,2.704,0.975,6.605,3.148,0.477,19.78
Steven Smith,33.0,SAS,77,28.73,28:43,0.455,0.878,0.472,11.623,2.506,1.961,1.398,0.701,0.195,69,0.896,0.584,1.922,1.403,2.052,8.857,4.026,2.351,2.065,3.195,1.506,5.662,2.519,0.445,18.858
Larry Hughes,23.0,GSW,73,28.025,28:01,0.423,0.737,0.194,12.26,3.356,4.329,1.848,1.548,0.315,136,1.863,1.137,2.219,2.342,2.055,11.096,4.699,3.548,2.616,1.274,0.247,9.822,4.452,0.453,26.027
Vlade Divac,34.0,SAC,80,30.227,30:13,0.472,0.615,0.231,11.1,8.388,3.712,1.88,0.988,1.175,173,2.162,2.562,5.825,1.975,2.862,8.95,4.225,4.25,2.612,0.162,0.038,8.788,4.188,0.477,31.246
Michael Olowokandi,27.0,LAC,80,32.12,32:07,0.433,0.622,,11.062,8.888,1.125,0.514,0.688,1.812,200,2.5,2.05,6.838,2.188,2.712,11.075,4.8,2.35,1.462,0.0,0.0,11.075,4.8,0.433,28.728
Pat Garrity,25.0,ORL,80,30.016,30:00,0.426,0.836,0.427,11.05,4.225,1.238,1.456,0.75,0.35,88,1.1,0.962,3.262,0.85,2.875,9.588,4.088,0.912,0.762,4.95,2.112,4.638,1.975,0.426,20.426
Morris Peterson,24.0,TOR,63,31.589,31:35,0.438,0.751,0.364,14.016,3.54,2.429,1.779,1.159,0.175,84,1.333,1.444,2.095,1.365,2.762,12.19,5.333,2.683,2.016,3.667,1.333,8.524,4.0,0.469,24.541
Andrei Kirilenko,21.0,UTA,82,26.264,26:15,0.45,0.768,0.25,10.732,4.902,1.146,0.87,1.415,1.939,275,3.354,1.817,3.085,1.317,1.902,7.72,3.476,4.524,3.476,1.22,0.305,6.5,3.171,0.488,27.078
Derrick Coleman,35.0,PHI,58,35.873,35:52,0.45,0.815,0.337,15.086,8.776,1.69,0.824,0.724,0.879,93,1.603,2.879,5.897,2.052,2.724,12.672,5.707,3.914,3.19,1.431,0.483,11.241,5.224,0.465,30.91
Tim Thomas,25.0,MIL,74,26.913,26:54,0.42,0.793,0.326,11.743,4.054,1.419,0.827,0.878,0.432,97,1.311,0.865,3.189,1.716,2.703,10.176,4.27,2.419,1.919,3.932,1.284,6.243,2.986,0.478,20.953
Danny Fortson,26.0,GSW,77,28.823,28:49,0.428,0.795,0.25,11.221,11.675,1.649,0.794,0.571,0.221,61,0.792,3.766,7.909,2.078,3.312,9.377,4.013,4.0,3.182,0.052,0.013,9.325,4.0,0.429,28.004
Donyell Marshall,29.0,UTA,58,30.158,30:09,0.519,0.708,0.31,14.81,7.638,1.741,0.815,0.862,1.155,117,2.017,2.724,4.914,2.138,2.586,11.397,5.914,3.897,2.759,0.724,0.224,10.672,5.69,0.533,30.502
Jamal Mashburn,29.0,CHH,40,39.91,39:54,0.407,0.876,0.366,21.45,6.05,4.275,1.555,1.125,0.15,51,1.275,0.775,5.275,2.75,2.0,18.6,7.575,6.025,5.275,2.8,1.025,15.8,6.55,0.415,36.198
Lee Nailon,27.0,CHH,79,24.212,24:12,0.483,0.747,0.5,10.772,3.684,1.19,0.979,0.747,0.215,76,0.962,1.304,2.38,1.215,2.215,9.671,4.671,1.899,1.418,0.025,0.013,9.646,4.658,0.483,18.648
Ruben Patterson,26.0,POR,75,23.546,23:32,0.515,0.701,0.25,11.187,3.973,1.427,0.939,1.053,0.493,116,1.547,2.067,1.907,1.52,1.867,8.253,4.253,3.653,2.56,0.48,0.12,7.773,4.133,0.532,21.215
Chris Whitney,30.0,WAS,82,26.477,26:28,0.418,0.88,0.406,10.159,1.854,3.829,3.694,0.878,0.073,78,0.951,0.134,1.72,1.037,2.22,8.0,3.341,2.134,1.878,3.939,1.598,4.061,1.744,0.429,19.944
Voshon Lenard,29.0,DEN,71,23.33,23:19,0.41,0.783,0.371,11.451,2.577,1.831,1.429,0.831,0.352,84,1.183,0.535,2.042,1.282,1.479,10.831,4.437,1.69,1.324,3.38,1.254,7.451,3.183,0.427,19.558
Hedo Turkoglu,23.0,SAC,80,24.616,24:36,0.422,0.726,0.368,10.125,4.538,2.038,2.012,0.712,0.388,88,1.1,0.788,3.75,1.012,2.3,8.588,3.625,2.875,2.088,2.138,0.788,6.45,2.838,0.44,20.914
Stromile Swift,22.0,MEM,68,26.491,26:29,0.48,0.711,0.0,11.809,6.324,0.735,0.41,0.779,1.662,166,2.441,2.368,3.956,1.794,2.618,8.985,4.309,4.485,3.191,0.044,0.0,8.941,4.309,0.482,26.029
Nazr Mohammed,24.0,ATL,82,26.464,26:27,0.461,0.617,0.0,9.695,7.939,0.402,0.28,0.768,0.744,124,1.512,2.951,4.988,1.439,3.073,8.695,4.012,2.707,1.671,0.012,0.0,8.683,4.012,0.462,22.923
Rod Strickland,35.0,MIA,76,30.146,30:08,0.443,0.766,0.308,10.447,3.053,6.092,2.912,1.079,0.145,93,1.224,0.645,2.408,2.092,1.5,9.395,4.158,2.645,2.026,0.342,0.105,9.053,4.053,0.448,24.828
Anthony Mason,35.0,MIL,82,38.29,38:17,0.505,0.697,1.0,9.598,7.878,4.22,2.662,0.695,0.268,79,0.963,1.512,6.366,1.585,2.28,7.634,3.854,2.695,1.878,0.012,0.012,7.622,3.841,0.504,26.685
Derek Fisher,27.0,LAL,70,28.212,28:12,0.411,0.847,0.413,11.229,2.086,2.586,2.919,0.943,0.129,75,1.071,0.214,1.871,0.886,1.729,9.514,3.914,1.586,1.343,4.986,2.057,4.529,1.857,0.41,19.939
James Posey,25.0,DEN,73,30.721,30:43,0.376,0.793,0.283,10.712,5.877,2.466,1.417,1.562,0.534,153,2.096,1.493,4.384,1.74,3.068,10.082,3.795,2.781,2.205,3.247,0.918,6.836,2.877,0.421,26.011
Bob Sura,29.0,GSW,78,22.869,22:52,0.424,0.72,0.316,9.974,3.282,3.526,2.068,1.128,0.218,105,1.346,1.141,2.141,1.705,2.051,7.564,3.205,4.205,3.026,1.705,0.538,5.859,2.667,0.455,21.535
Darius Miles,20.0,LAC,82,27.135,27:08,0.48,0.62,0.158,9.476,5.524,2.244,1.15,0.866,1.256,174,2.122,1.329,4.195,1.951,2.244,7.817,3.756,3.11,1.927,0.232,0.037,7.585,3.72,0.49,23.885
Vin Baker,30.0,SEA,55,31.101,31:06,0.485,0.633,0.125,14.073,6.364,1.309,0.567,0.4,0.655,58,1.055,3.055,3.309,2.309,3.582,11.8,5.727,4.109,2.6,0.145,0.018,11.655,5.709,0.49,24.527
Malik Rose,27.0,SAS,82,21.074,21:04,0.463,0.72,0.083,9.415,6.0,0.744,0.436,0.854,0.512,112,1.366,2.098,3.902,1.707,2.537,7.72,3.573,3.134,2.256,0.146,0.012,7.573,3.561,0.47,20.121
Michael Redd,22.0,MIL,67,21.151,21:09,0.483,0.791,0.444,11.448,3.343,1.358,1.596,0.627,0.104,49,0.731,1.149,2.194,0.851,1.433,9.09,4.388,1.716,1.358,2.955,1.313,6.134,3.075,0.501,18.84
Joe Smith,26.0,MIN,72,26.738,26:44,0.511,0.83,0.667,10.653,6.292,1.139,0.953,0.542,0.819,98,1.361,2.111,4.181,1.194,3.472,8.069,4.125,2.861,2.375,0.042,0.028,8.028,4.097,0.51,22.8
Derek Anderson,27.0,POR,70,26.513,26:30,0.403,0.856,0.373,10.814,2.7,3.086,2.483,0.971,0.114,76,1.086,0.671,2.029,1.243,1.614,8.757,3.529,2.971,2.543,3.257,1.214,5.5,2.314,0.421,20.697
Antonio Daniels,27.0,SAS,82,26.461,26:27,0.44,0.752,0.291,9.183,2.146,2.78,3.257,0.585,0.146,60,0.732,0.28,1.866,0.854,1.268,7.463,3.28,2.561,1.927,2.39,0.695,5.073,2.585,0.51,17.271
Jamaal Tinsley,24.0,IND,80,30.543,30:32,0.38,0.704,0.24,9.388,3.725,8.088,2.396,1.725,0.5,178,2.225,0.975,2.75,3.375,3.1,9.5,3.612,2.325,1.638,2.188,0.525,7.312,3.088,0.422,29.289
Richard Jefferson,22.0,NJN,79,24.296,24:17,0.457,0.713,0.232,9.392,3.709,1.772,1.308,0.81,0.608,112,1.418,1.076,2.633,1.354,2.671,7.481,3.418,3.354,2.392,0.709,0.165,6.772,3.253,0.48,19.4
Dale Davis,33.0,POR,78,31.364,31:21,0.51,0.708,,9.513,8.821,1.231,1.548,0.795,1.064,145,1.859,3.359,5.462,0.795,2.474,7.436,3.795,2.718,1.923,0.0,0.0,7.436,3.795,0.51,26.726
Jon Barry,32.0,DET,82,24.26,24:15,0.488,0.931,0.469,9.012,2.854,3.341,2.468,1.146,0.244,114,1.39,0.512,2.341,1.354,1.634,6.378,3.11,1.415,1.317,3.146,1.476,3.232,1.634,0.506,20.266
Eric Snow,29.0,PHI,61,36.48,36:28,0.442,0.806,0.111,12.098,3.525,6.557,2.899,1.557,0.148,104,1.705,0.541,2.984,2.262,2.738,10.23,4.525,3.721,3.0,0.443,0.049,9.787,4.475,0.457,29.016
Anthony Peeler,32.0,MIN,82,25.127,25:07,0.421,0.862,0.392,8.988,2.512,2.159,2.329,0.744,0.134,72,0.878,0.451,2.061,0.927,1.671,8.341,3.512,0.707,0.61,3.451,1.354,4.89,2.159,0.441,16.948
Ron Mercer,26.0,IND,53,32.412,32:24,0.397,0.798,0.29,13.868,3.358,2.415,1.455,0.604,0.245,45,0.849,0.943,2.415,1.66,2.038,14.792,5.868,2.245,1.792,1.17,0.34,13.623,5.528,0.406,22.408
Kenny Anderson,31.0,BOS,76,31.94,31:56,0.436,0.742,0.273,9.618,3.618,5.303,3.387,1.855,0.132,151,1.987,0.75,2.868,1.566,2.763,9.421,4.105,1.737,1.289,0.434,0.118,8.987,3.987,0.444,26.309
Metta World Peace,22.0,IND,55,29.844,29:50,0.423,0.667,0.312,13.218,4.927,2.309,1.076,2.564,0.709,180,3.273,1.327,3.6,2.145,3.945,11.564,4.891,3.709,2.473,3.091,0.964,8.473,3.927,0.464,30.267
Corey Maggette,22.0,LAC,63,25.663,25:39,0.443,0.801,0.331,11.381,3.667,1.778,0.966,0.651,0.302,60,0.952,0.857,2.81,1.841,2.46,8.413,3.73,3.984,3.19,2.206,0.73,6.206,3.0,0.483,19.463
Tony Parker,20.0,SAS,77,29.496,29:29,0.419,0.675,0.323,9.156,2.558,4.338,2.212,1.156,0.091,96,1.247,0.429,2.13,1.961,2.156,8.299,3.481,2.078,1.403,2.455,0.792,5.844,2.688,0.46,20.512
Jamaal Magloire,24.0,CHH,82,18.927,18:55,0.55,0.73,0.0,8.5,5.61,0.378,0.263,0.329,1.049,113,1.378,1.854,3.756,1.439,2.451,5.037,2.768,4.061,2.963,0.012,0.0,5.024,2.768,0.551,18.494
Zydrunas Ilgauskas,27.0,CLE,62,21.455,21:27,0.425,0.754,0.0,11.129,5.387,1.129,0.745,0.274,1.355,101,1.629,2.194,3.194,1.516,3.016,9.145,3.887,4.452,3.355,0.081,0.0,9.065,3.887,0.429,22.658
Rasho Nesterovic,26.0,MIN,82,27.077,27:04,0.493,0.549,0.0,8.378,6.512,0.915,0.798,0.549,1.329,154,1.878,2.439,4.073,1.146,3.195,8.012,3.951,0.866,0.476,0.012,0.0,8.0,3.951,0.494,22.052
Mark Jackson,37.0,NYK,82,28.83,28:49,0.439,0.791,0.405,8.366,3.768,7.378,4.033,0.902,0.012,75,0.915,0.683,3.085,1.829,1.976,7.22,3.171,1.341,1.061,2.378,0.963,4.841,2.207,0.456,24.87
Trenton Hassell,23.0,CHI,78,28.661,28:39,0.425,0.763,0.364,8.731,3.269,2.205,1.703,0.705,0.564,99,1.269,0.833,2.436,1.295,2.359,8.051,3.423,1.462,1.115,2.115,0.769,5.936,2.654,0.447,18.474
Lucious Harris,31.0,NJN,74,21.026,21:01,0.464,0.842,0.373,9.122,2.797,1.568,1.902,0.716,0.081,59,0.797,0.662,2.135,0.824,1.338,7.257,3.365,2.135,1.797,1.595,0.595,5.662,2.77,0.489,16.397
Brian Grant,30.0,MIA,72,31.339,31:20,0.469,0.849,0.0,9.347,7.986,1.903,1.123,0.667,0.431,79,1.097,2.333,5.653,1.694,3.278,8.472,3.972,1.653,1.403,0.028,0.0,8.444,3.972,0.47,23.382
Jumaine Jones,23.0,CLE,81,26.459,26:27,0.448,0.662,0.31,8.284,6.049,1.432,1.468,0.926,0.568,121,1.494,1.543,4.506,0.975,2.272,7.901,3.543,0.84,0.556,2.074,0.642,5.827,2.901,0.498,21.198
P.J. Brown,32.0,CHH,80,32.042,32:02,0.474,0.858,,8.362,9.825,1.338,1.259,0.738,0.975,137,1.712,3.412,6.412,1.062,2.775,6.588,3.125,2.462,2.112,0.0,0.0,6.588,3.125,0.474,26.234
Moochie Norris,28.0,HOU,82,27.395,27:23,0.398,0.751,0.269,8.11,3.0,4.915,2.583,0.988,0.049,85,1.037,0.89,2.11,1.902,1.585,7.695,3.061,2.061,1.549,1.634,0.439,6.061,2.622,0.433,20.289
Scottie Pippen,36.0,POR,62,32.241,32:14,0.411,0.774,0.305,10.629,5.177,5.855,2.123,1.629,0.565,136,2.194,1.242,3.935,2.758,2.613,9.661,3.968,2.355,1.823,2.855,0.871,6.806,3.097,0.455,29.447
Tim Hardaway,35.0,DEN,68,23.53,23:31,0.365,0.794,0.347,9.588,1.824,4.088,2.505,0.838,0.147,67,0.985,0.206,1.618,1.632,1.603,9.118,3.324,1.426,1.132,5.206,1.809,3.912,1.515,0.387,19.232
Rick Fox,32.0,LAL,82,27.93,27:55,0.421,0.824,0.312,7.866,4.744,3.451,2.144,0.817,0.256,88,1.073,1.098,3.646,1.61,2.976,7.378,3.11,1.037,0.854,2.537,0.793,4.841,2.317,0.479,20.345
Eddie Griffin,20.0,HOU,73,25.965,25:57,0.366,0.744,0.33,8.795,5.699,0.726,1.128,0.233,1.836,151,2.068,1.603,4.096,0.644,1.603,9.123,3.342,1.178,0.877,3.74,1.233,5.384,2.11,0.392,22.284
Bryon Russell,31.0,UTA,66,30.28,30:16,0.38,0.821,0.341,9.636,4.47,2.061,1.236,0.97,0.288,83,1.258,1.197,3.273,1.667,3.106,8.848,3.364,2.121,1.742,3.424,1.167,5.424,2.197,0.405,20.197
Eric Piatkowski,31.0,LAC,71,24.178,24:10,0.439,0.894,0.466,8.817,2.592,1.577,1.75,0.577,0.169,53,0.746,0.606,1.986,0.901,1.549,6.634,2.915,1.592,1.423,3.352,1.563,3.282,1.352,0.412,15.631
Ben Wallace,27.0,DET,80,36.487,36:29,0.531,0.423,0.0,7.612,12.988,1.438,1.643,1.725,3.475,416,5.2,3.975,9.012,0.875,2.225,6.0,3.188,2.925,1.238,0.038,0.0,5.962,3.188,0.535,40.079
Horace Grant,36.0,ORL,76,29.098,29:05,0.513,0.721,,8.0,6.329,1.368,2.039,0.75,0.645,106,1.395,2.092,4.237,0.671,1.553,6.776,3.474,1.461,1.053,0.0,0.0,6.776,3.474,0.513,21.161
Erick Strickland,28.0,BOS,79,20.76,20:45,0.389,0.845,0.385,7.671,2.696,2.329,1.957,0.709,0.013,57,0.722,0.278,2.418,1.19,1.835,6.177,2.405,1.962,1.658,3.127,1.203,3.051,1.203,0.394,15.375
Todd MacCulloch,26.0,NJN,62,24.217,24:13,0.531,0.671,,9.742,6.097,1.258,1.182,0.387,1.435,113,1.823,2.532,3.565,1.065,2.919,7.5,3.984,2.645,1.774,0.0,0.0,7.5,3.984,0.531,23.348
George McCloud,35.0,DEN,69,26.549,26:32,0.358,0.81,0.27,8.754,3.638,2.957,1.417,0.841,0.275,77,1.116,0.971,2.667,2.087,2.536,8.348,2.986,2.362,1.913,3.217,0.87,5.13,2.116,0.412,18.814
DerMarr Johnson,22.0,ATL,72,23.922,23:55,0.396,0.81,0.36,8.361,3.431,1.125,0.794,0.861,0.778,118,1.639,0.819,2.611,1.417,2.264,7.5,2.972,1.458,1.181,3.431,1.236,4.069,1.736,0.427,17.665
Tony Delk,28.0,BOS,63,22.957,22:57,0.384,0.804,0.313,9.476,3.222,2.095,2.237,0.841,0.159,63,1.0,0.921,2.302,0.937,1.556,9.333,3.587,1.54,1.238,3.397,1.063,5.937,2.524,0.425,18.549
Othella Harrington,28.0,NYK,77,20.309,20:18,0.527,0.709,0.0,7.74,4.532,0.481,0.389,0.39,0.468,66,0.857,1.623,2.909,1.234,3.247,5.844,3.078,2.234,1.584,0.026,0.0,5.818,3.078,0.529,15.238
Aaron Williams,30.0,NJN,82,18.901,18:54,0.526,0.699,0.0,7.22,4.134,0.939,0.975,0.354,0.927,105,1.28,1.402,2.732,0.963,2.585,5.354,2.817,2.268,1.585,0.024,0.0,5.329,2.817,0.529,16.467
Rodney Buford,24.0,MEM,63,28.101,28:06,0.435,0.725,0.243,9.381,4.317,1.127,1.127,0.667,0.19,54,0.857,0.825,3.492,1.0,1.746,9.413,4.095,1.27,0.921,1.111,0.27,8.302,3.825,0.461,17.824
Jim Jackson,31.0,MIA,55,33.155,33:09,0.442,0.862,0.469,10.709,5.273,2.545,1.321,0.764,0.255,56,1.018,0.982,4.291,1.927,2.636,9.782,4.327,1.582,1.364,1.473,0.691,8.309,3.636,0.438,21.982
Aaron McKie,29.0,PHI,48,30.604,30:36,0.449,0.787,0.398,12.229,4.0,3.729,1.925,1.167,0.292,70,1.458,0.542,3.458,1.938,1.542,10.208,4.583,2.542,2.0,2.667,1.062,7.542,3.521,0.467,25.06
Toni Kukoc,33.0,ATL,59,25.349,25:20,0.419,0.712,0.31,9.898,3.695,3.542,1.85,0.814,0.288,65,1.102,0.729,2.966,1.915,1.542,8.542,3.576,2.593,1.847,2.898,0.898,5.644,2.678,0.474,21.036
Travis Best,29.0,CHI,74,23.65,23:39,0.44,0.897,0.356,7.851,2.041,4.378,3.273,1.203,0.095,96,1.297,0.27,1.77,1.338,2.338,7.0,3.081,1.568,1.405,0.797,0.284,6.203,2.797,0.451,19.422
Jonathan Bender,21.0,IND,78,21.105,21:06,0.43,0.773,0.36,7.449,3.128,0.795,0.646,0.244,0.628,68,0.872,0.821,2.308,1.231,1.885,5.897,2.538,2.321,1.795,1.603,0.577,4.295,1.962,0.457,13.779
Joe Johnson,21.0,PHX,77,24.893,24:53,0.43,0.774,0.292,7.545,3.338,2.325,2.521,0.766,0.26,79,1.026,0.974,2.364,0.922,1.481,7.584,3.26,0.688,0.532,1.688,0.494,5.896,2.766,0.469,17.194
Devean George,24.0,LAL,82,21.494,21:29,0.411,0.675,0.371,7.085,3.695,1.354,1.682,0.866,0.512,113,1.378,0.951,2.744,0.805,2.317,6.378,2.622,1.537,1.037,2.171,0.805,4.207,1.817,0.432,16.879
Al Harrington,22.0,IND,44,29.759,29:45,0.475,0.799,0.333,13.091,6.273,1.227,0.692,0.932,0.477,62,1.409,2.182,4.091,1.773,3.773,11.0,5.227,3.273,2.614,0.068,0.023,10.932,5.205,0.476,24.914
Chris Mihm,22.0,CLE,74,22.4,22:24,0.42,0.693,0.429,7.689,5.297,0.324,0.247,0.243,1.203,107,1.446,1.797,3.5,1.311,3.514,7.108,2.986,2.419,1.676,0.095,0.041,7.014,2.946,0.42,17.559
Tyronn Lue,25.0,WAS,71,20.593,20:35,0.427,0.762,0.447,7.817,1.718,3.465,2.562,0.69,0.0,49,0.69,0.197,1.521,1.352,1.69,7.324,3.127,0.887,0.676,1.986,0.887,5.338,2.239,0.42,15.794
Popeye Jones,32.0,WAS,79,24.282,24:16,0.437,0.815,0.364,7.013,7.316,1.608,1.443,0.633,0.241,69,0.873,2.949,4.367,1.114,2.646,6.43,2.81,1.646,1.342,0.139,0.051,6.291,2.759,0.439,19.71
Erick Dampier,26.0,GSW,73,23.791,23:47,0.435,0.645,,7.589,5.301,1.192,0.558,0.233,2.288,184,2.521,2.288,3.014,2.137,3.219,6.575,2.863,2.89,1.863,0.0,0.0,6.575,2.863,0.435,21.163
Robert Horry,31.0,LAL,81,26.453,26:27,0.398,0.783,0.374,6.79,5.914,2.864,2.636,0.951,1.099,166,2.049,1.605,4.309,1.086,2.568,5.679,2.259,1.704,1.333,2.506,0.938,3.173,1.321,0.416,23.244
Courtney Alexander,25.0,WAS,56,23.628,23:37,0.47,0.81,0.278,9.804,2.643,1.536,1.433,0.625,0.125,42,0.75,0.768,1.875,1.071,2.018,8.464,3.982,2.161,1.75,0.321,0.089,8.143,3.893,0.478,16.457
Jacque Vaughn,27.0,ATL,82,22.628,22:37,0.47,0.825,0.444,6.585,2.049,4.256,3.144,0.78,0.024,66,0.805,0.22,1.829,1.354,2.232,5.341,2.512,1.537,1.268,0.659,0.293,4.683,2.22,0.474,16.489
Avery Johnson,37.0,DAL,68,19.905,19:54,0.479,0.742,0.0,7.868,1.015,4.206,3.763,0.588,0.132,49,0.721,0.206,0.809,1.118,1.265,6.353,3.044,2.397,1.779,0.074,0.0,6.279,3.044,0.485,16.438
Jerome Williams,29.0,TOR,68,24.063,24:03,0.49,0.676,,7.618,5.676,1.103,1.103,1.147,0.368,103,1.515,2.426,3.25,1.0,2.25,5.706,2.794,3.0,2.029,0.0,0.0,5.706,2.794,0.49,19.628
Lorenzen Wright,26.0,MEM,43,29.088,29:05,0.459,0.569,0.0,12.0,9.419,1.023,0.611,0.698,0.535,53,1.233,3.023,6.395,1.674,2.93,11.302,5.186,2.86,1.628,0.047,0.0,11.256,5.186,0.461,26.86
Austin Croshere,27.0,IND,76,16.878,16:52,0.413,0.851,0.338,6.789,3.868,1.013,1.149,0.342,0.382,55,0.724,0.974,2.895,0.882,1.395,5.895,2.434,1.5,1.276,1.908,0.645,3.987,1.789,0.449,14.241
Eddie House,24.0,MIA,64,19.225,19:13,0.399,0.857,0.344,8.031,1.719,1.922,1.538,0.672,0.078,48,0.75,0.266,1.453,1.25,1.531,8.188,3.266,0.766,0.656,2.453,0.844,5.734,2.422,0.422,13.977
Zeljko Rebraca,30.0,DET,74,15.926,15:55,0.505,0.771,,6.932,3.919,0.514,0.452,0.378,0.986,101,1.365,1.135,2.784,1.135,2.595,5.054,2.554,2.365,1.824,0.0,0.0,5.054,2.554,0.505,15.365
Gilbert Arenas,20.0,GSW,47,24.514,24:30,0.453,0.775,0.345,10.872,2.809,3.702,1.794,1.468,0.234,80,1.702,0.872,1.936,2.064,2.447,8.17,3.702,3.404,2.638,2.404,0.83,5.766,2.872,0.498,22.838
Tony Battie,26.0,BOS,74,24.601,24:36,0.541,0.677,0.0,6.892,6.5,0.473,0.686,0.811,0.905,127,1.716,2.486,4.014,0.689,2.959,5.27,2.851,1.757,1.189,0.027,0.0,5.243,2.851,0.544,19.861
Scot Pollard,27.0,SAC,80,23.523,23:31,0.55,0.693,,6.362,7.062,0.662,0.779,0.875,0.95,146,1.825,2.35,4.712,0.85,2.525,4.475,2.462,2.075,1.438,0.0,0.0,4.475,2.462,0.55,20.456
Scott Padgett,26.0,UTA,75,17.225,17:13,0.476,0.735,0.434,6.667,3.8,1.093,1.188,0.573,0.173,56,0.747,1.48,2.32,0.92,1.867,5.267,2.507,1.36,1.0,1.507,0.653,3.76,1.853,0.493,14.187
Calbert Cheaney,30.0,DEN,68,24.079,24:04,0.481,0.687,0.0,7.265,3.529,1.618,1.571,0.5,0.309,55,0.809,0.838,2.691,1.029,2.294,6.853,3.294,0.985,0.676,0.059,0.0,6.794,3.294,0.485,15.324
Clar. Weatherspoon,31.0,NYK,56,30.82,30:49,0.418,0.795,,8.821,8.214,1.071,1.277,0.661,0.857,85,1.518,2.661,5.554,0.839,2.357,8.071,3.375,2.607,2.071,0.0,0.0,8.071,3.375,0.418,24.0
Kelvin Cato,27.0,HOU,75,25.582,25:34,0.583,0.582,0.0,6.573,7.0,0.387,0.547,0.533,1.267,135,1.8,2.347,4.653,0.707,2.773,4.347,2.533,2.587,1.507,0.013,0.0,4.333,2.533,0.585,20.247
Dion Glover,23.0,ATL,55,21.021,21:01,0.421,0.757,0.33,8.945,3.073,1.527,1.105,0.818,0.255,59,1.073,0.655,2.418,1.382,1.618,8.291,3.491,1.873,1.418,1.655,0.545,6.636,2.945,0.444,16.76
Jake Tsakalidis,23.0,PHX,67,23.65,23:39,0.475,0.698,0.0,7.328,5.582,0.343,0.295,0.343,1.03,92,1.373,1.94,3.642,1.164,2.881,5.97,2.836,2.373,1.657,0.015,0.0,5.955,2.836,0.476,17.497
Chris Mills,32.0,GSW,66,18.72,18:43,0.417,0.794,0.378,7.409,2.879,1.091,1.286,0.47,0.197,44,0.667,0.773,2.106,0.848,1.818,6.47,2.697,1.621,1.288,1.924,0.727,4.545,1.97,0.433,13.652
Monty Williams,30.0,ORL,68,18.894,18:53,0.547,0.657,0.0,7.118,3.456,1.412,1.116,0.706,0.25,65,0.956,1.176,2.279,1.265,1.971,5.324,2.912,1.971,1.294,0.059,0.0,5.265,2.912,0.553,14.985
Eddy Curry,19.0,CHI,72,15.983,15:58,0.501,0.656,,6.708,3.778,0.347,0.362,0.222,0.736,69,0.958,1.542,2.236,0.958,2.403,5.236,2.625,2.222,1.458,0.0,0.0,5.236,2.625,0.501,13.679
Troy Murphy,22.0,GSW,82,17.688,17:41,0.421,0.776,0.333,5.854,3.927,0.854,0.833,0.439,0.256,57,0.695,1.207,2.72,1.024,2.646,5.159,2.171,1.902,1.476,0.11,0.037,5.049,2.134,0.423,12.907
Speedy Claxton,24.0,PHI,67,22.835,22:50,0.4,0.838,0.121,7.164,2.388,2.955,2.084,1.418,0.09,101,1.507,0.687,1.701,1.418,2.164,6.746,2.701,2.03,1.701,0.493,0.06,6.254,2.642,0.422,17.567
Gary Trent,27.0,MIN,64,17.835,17:50,0.507,0.639,0.0,7.469,4.219,0.938,1.034,0.328,0.422,48,0.75,1.625,2.594,0.906,2.5,5.953,3.016,2.25,1.438,0.031,0.0,5.922,3.016,0.509,15.281
Greg Anthony,34.0,MIL,60,25.217,25:13,0.385,0.659,0.294,7.9,2.2,4.7,3.0,1.283,0.083,82,1.367,0.367,1.833,1.567,1.9,7.917,3.05,1.517,1.0,2.717,0.8,5.2,2.25,0.433,20.123
Lindsey Hunter,31.0,LAL,82,19.689,19:41,0.382,0.5,0.38,5.768,1.476,1.573,2.345,0.805,0.232,85,1.037,0.22,1.256,0.671,1.463,5.976,2.28,0.488,0.244,2.537,0.963,3.439,1.317,0.383,12.338
Eric Williams,29.0,BOS,74,23.647,23:38,0.374,0.731,0.279,6.378,2.986,1.473,1.147,1.041,0.108,85,1.149,0.784,2.203,1.284,2.419,5.203,1.946,2.959,2.162,1.162,0.324,4.041,1.622,0.401,14.334
LaPhonso Ellis,32.0,MIA,66,25.512,25:30,0.418,0.631,0.306,7.106,4.348,0.848,0.767,0.455,0.561,67,1.015,1.621,2.727,1.106,2.97,6.848,2.864,1.273,0.803,1.879,0.576,4.97,2.288,0.46,15.536
Jeff Foster,25.0,IND,82,21.763,21:45,0.449,0.61,0.133,5.695,6.78,0.854,0.886,0.866,0.463,109,1.329,2.512,4.268,0.963,2.829,4.805,2.159,2.22,1.354,0.183,0.024,4.622,2.134,0.462,18.137
Kevin Ollie,29.0,IND,81,21.288,21:17,0.388,0.824,0.5,5.704,2.272,3.593,2.745,0.765,0.025,64,0.79,0.309,1.963,1.309,1.198,4.358,1.691,2.802,2.309,0.025,0.012,4.333,1.679,0.387,14.88
Samaki Walker,26.0,LAL,69,23.961,23:57,0.512,0.667,,6.667,6.971,0.928,1.208,0.406,1.275,116,1.681,1.87,5.101,0.768,2.464,5.29,2.71,1.87,1.246,0.0,0.0,5.29,2.71,0.512,20.699
Shawn Kemp,32.0,POR,75,16.462,16:27,0.43,0.794,0.0,6.053,3.84,0.693,0.642,0.573,0.44,76,1.013,1.2,2.64,1.08,2.453,5.427,2.333,1.747,1.387,0.053,0.0,5.373,2.333,0.434,13.661
Walt Williams,32.0,HOU,48,23.304,23:18,0.419,0.784,0.426,9.375,3.375,1.438,1.302,0.375,0.208,28,0.583,0.771,2.604,1.104,2.208,8.25,3.458,1.062,0.833,3.812,1.625,4.438,1.833,0.413,16.227
Jarron Collins,23.0,UTA,70,20.638,20:38,0.461,0.74,0.0,6.429,4.229,0.829,1.036,0.414,0.314,51,0.729,1.971,2.257,0.8,3.343,4.9,2.257,2.586,1.914,0.014,0.0,4.886,2.257,0.462,14.131
Tyrone Nesby,26.0,WAS,70,21.42,21:25,0.435,0.688,0.277,6.329,4.543,1.3,1.857,0.871,0.314,83,1.186,1.5,3.043,0.7,2.343,6.014,2.614,1.329,0.914,0.671,0.186,5.343,2.429,0.455,16.587
Charles Smith,26.0,SAS,60,19.057,19:03,0.425,0.646,0.267,7.35,2.217,1.333,1.356,0.867,0.733,96,1.6,0.567,1.65,0.983,1.9,7.133,3.033,1.083,0.7,2.183,0.583,4.95,2.45,0.495,15.827
Predrag Drobnjak,26.0,SEA,64,18.338,18:20,0.461,0.753,0.0,6.828,3.422,0.797,1.0,0.312,0.484,51,0.797,1.172,2.25,0.797,1.703,6.469,2.984,1.141,0.859,0.031,0.0,6.438,2.984,0.464,13.723
Tyson Chandler,19.0,CHI,71,19.617,19:37,0.497,0.604,,6.141,4.831,0.761,0.545,0.394,1.31,121,1.704,1.606,3.225,1.394,2.521,4.282,2.127,3.127,1.887,0.0,0.0,4.282,2.127,0.497,16.797
Hakeem Olajuwon,39.0,TOR,61,22.533,22:31,0.464,0.56,0.0,7.131,6.0,1.082,0.673,1.213,1.508,166,2.721,1.607,4.393,1.607,2.41,6.852,3.18,1.377,0.77,0.033,0.0,6.82,3.18,0.466,22.511
Grant Long,36.0,MEM,66,28.305,28:18,0.426,0.699,0.176,6.318,3.5,2.061,1.32,0.955,0.182,75,1.136,0.47,3.03,1.561,1.864,5.833,2.485,1.864,1.303,0.258,0.045,5.576,2.439,0.438,15.458
Adrian Griffin,27.0,DAL,58,23.907,23:54,0.499,0.837,0.296,7.155,3.948,1.828,2.524,1.293,0.207,87,1.5,1.172,2.776,0.724,2.448,6.19,3.086,0.845,0.707,0.931,0.276,5.259,2.81,0.534,18.41
Bruce Bowen,31.0,SAS,59,28.797,28:47,0.389,0.479,0.378,6.983,2.746,1.492,1.333,1.051,0.424,87,1.475,0.712,2.034,1.119,1.966,6.746,2.627,1.627,0.78,2.508,0.949,4.237,1.678,0.396,15.82
Shandon Anderson,28.0,NYK,82,19.457,19:27,0.399,0.692,0.277,5.012,3.037,0.927,0.784,0.585,0.183,63,0.768,0.695,2.341,1.183,1.634,4.549,1.817,1.305,0.902,1.72,0.476,2.829,1.341,0.474,11.168
Vladimir Radmanovic,21.0,SEA,61,20.245,20:14,0.412,0.681,0.42,6.672,3.77,1.328,1.125,0.918,0.393,80,1.311,0.738,3.033,1.18,1.951,5.803,2.393,1.18,0.803,2.574,1.082,3.23,1.311,0.406,15.943
Christian Laettner,32.0,WAS,57,25.333,25:19,0.464,0.868,0.2,7.088,5.281,2.649,1.776,1.053,0.439,85,1.491,1.298,3.982,1.491,2.263,6.351,2.947,1.333,1.158,0.175,0.035,6.175,2.912,0.472,20.381
Tony Massenburg,34.0,MEM,73,17.054,17:03,0.456,0.718,1.0,5.521,4.438,0.356,0.4,0.411,0.425,61,0.836,1.37,3.068,0.89,2.384,4.781,2.178,1.603,1.151,0.014,0.014,4.767,2.164,0.454,12.997
Eduardo Najera,25.0,DAL,62,21.796,21:47,0.5,0.676,0.0,6.452,5.516,0.613,0.95,0.903,0.484,86,1.387,2.403,3.113,0.645,2.516,4.839,2.419,2.387,1.613,0.032,0.0,4.806,2.419,0.503,17.506
Terry Porter,39.0,SAS,72,17.909,17:54,0.424,0.819,0.415,5.542,2.278,2.847,2.412,0.625,0.222,61,0.847,0.167,2.111,1.181,1.236,4.458,1.889,1.153,0.944,1.972,0.819,2.486,1.069,0.43,13.907
Terrell Brandon,32.0,MIN,32,30.131,30:07,0.425,0.988,0.174,12.406,2.906,8.25,6.14,1.625,0.188,58,1.812,0.531,2.375,1.344,1.531,11.406,4.844,2.625,2.594,0.719,0.125,10.688,4.719,0.442,32.362
Hanno Mottola,25.0,ATL,82,16.688,16:41,0.44,0.75,0.077,4.829,3.268,0.61,0.714,0.244,0.232,39,0.476,0.988,2.28,0.854,2.122,4.683,2.061,0.927,0.695,0.159,0.012,4.524,2.049,0.453,10.239
Patrick Ewing,39.0,ORL,65,13.837,13:50,0.444,0.701,0.0,6.0,4.031,0.538,0.547,0.338,0.692,67,1.031,0.908,3.123,0.985,1.985,5.123,2.277,2.062,1.446,0.015,0.0,5.108,2.277,0.446,13.752
Oscar Torres,25.0,HOU,65,16.569,16:34,0.396,0.781,0.294,5.985,1.877,0.615,0.816,0.385,0.138,34,0.523,0.723,1.154,0.754,0.985,5.246,2.077,1.615,1.262,1.938,0.569,3.308,1.508,0.456,9.975
Jahidi White,26.0,WAS,71,18.973,18:58,0.538,0.539,,5.394,6.254,0.239,0.262,0.352,1.056,100,1.408,2.239,4.014,0.915,2.296,3.93,2.113,2.169,1.169,0.0,0.0,3.93,2.113,0.538,16.568
Adonal Foyle,27.0,GSW,79,18.801,18:48,0.444,0.398,,4.797,4.861,0.519,0.539,0.456,2.127,204,2.582,1.899,2.962,0.962,2.266,4.873,2.165,1.177,0.468,0.0,0.0,4.873,2.165,0.444,18.194
Lamar Odom,22.0,LAC,29,34.464,34:27,0.419,0.656,0.19,13.069,6.069,5.897,1.763,0.793,1.241,59,2.034,1.069,5.0,3.345,3.138,12.414,5.207,3.207,2.103,2.897,0.552,9.517,4.655,0.489,31.955
Bo Outlaw,31.0,PHX,83,23.236,23:14,0.555,0.422,0.5,4.53,4.386,1.53,1.323,0.843,1.108,162,1.952,1.771,2.614,1.157,2.47,3.602,2.0,1.229,0.518,0.024,0.012,3.578,1.988,0.556,16.787
Kendall Gill,34.0,MIA,65,21.763,21:45,0.384,0.677,0.136,5.723,2.831,1.538,1.818,0.677,0.123,52,0.8,0.446,2.385,0.846,2.154,6.492,2.492,0.954,0.646,0.677,0.092,5.815,2.4,0.413,12.982
Brevin Knight,26.0,MEM,53,21.685,21:41,0.422,0.757,0.25,7.0,2.057,5.698,2.721,1.491,0.132,86,1.623,0.208,1.849,2.094,2.547,6.302,2.66,2.17,1.642,0.151,0.038,6.151,2.623,0.426,20.789
Hubert Davis,32.0,WAS,51,24.152,24:09,0.448,0.762,0.452,7.157,1.51,2.098,2.432,0.549,0.059,31,0.608,0.137,1.373,0.863,1.137,6.392,2.863,0.412,0.314,2.471,1.118,3.922,1.745,0.445,13.076
Ryan Bowen,26.0,DEN,75,22.505,22:30,0.479,0.75,0.083,4.853,3.987,0.693,1.268,1.0,0.547,116,1.547,1.787,2.2,0.547,2.28,4.093,1.96,1.227,0.92,0.16,0.013,3.933,1.947,0.495,14.771
Vitaly Potapenko,27.0,BOS,79,17.01,17:00,0.455,0.742,,4.595,4.392,0.38,0.476,0.468,0.228,55,0.696,2.114,2.278,0.797,2.203,3.81,1.734,1.519,1.127,0.0,0.0,3.81,1.734,0.455,11.727
Dell Curry,38.0,TOR,56,15.803,15:48,0.406,0.892,0.344,6.429,1.446,1.089,1.488,0.393,0.107,28,0.5,0.411,1.036,0.732,0.893,6.196,2.518,0.661,0.589,2.339,0.804,3.857,1.714,0.444,10.566
Stacey Augmon,33.0,CHH,77,17.094,17:05,0.429,0.762,0.0,4.662,2.935,1.338,1.907,0.727,0.156,68,0.883,0.779,2.156,0.701,1.494,4.273,1.831,1.312,1.0,0.039,0.0,4.234,1.831,0.433,12.139
Jason Collins,23.0,NJN,77,18.222,18:13,0.421,0.701,0.5,4.545,3.909,1.052,1.125,0.377,0.61,76,0.987,1.714,2.195,0.935,2.247,3.61,1.519,2.13,1.494,0.026,0.013,3.584,1.506,0.42,12.84
Fred Hoiberg,29.0,CHI,79,17.803,17:48,0.416,0.84,0.261,4.367,2.658,1.722,4.25,0.772,0.063,66,0.835,0.228,2.43,0.405,1.101,3.684,1.532,1.19,1.0,1.165,0.304,2.519,1.228,0.487,12.241
Chris Gatling,34.0,MIA,54,15.002,15:00,0.447,0.701,0.125,6.389,3.815,0.463,0.431,0.315,0.204,28,0.519,1.315,2.5,1.074,2.019,5.426,2.426,2.167,1.519,0.148,0.019,5.278,2.407,0.456,12.143
Damon Jones,25.0,DET,67,16.249,16:14,0.401,0.729,0.371,5.075,1.537,2.09,2.295,0.343,0.015,24,0.358,0.194,1.343,0.91,1.239,4.239,1.701,0.881,0.642,2.776,1.03,1.463,0.672,0.459,10.218
Ira Newble,27.0,ATL,42,30.344,30:20,0.498,0.852,0.143,8.048,5.286,1.071,0.918,0.905,0.476,58,1.381,1.905,3.381,1.167,2.786,6.262,3.119,2.095,1.786,0.167,0.024,6.095,3.095,0.508,18.974
Slava Medvedenko,23.0,LAL,71,10.216,10:12,0.477,0.661,0.0,4.662,2.225,0.606,1.024,0.408,0.155,40,0.563,1.197,1.028,0.592,1.676,4.282,2.042,0.873,0.577,0.056,0.0,4.225,2.042,0.483,9.339
Michael Curry,33.0,DET,82,23.237,23:14,0.453,0.791,0.269,4.012,2.049,1.549,2.117,0.573,0.122,57,0.695,0.183,1.866,0.732,2.524,3.366,1.524,1.11,0.878,0.317,0.085,3.049,1.439,0.472,10.148
Charlie Ward,31.0,NYK,63,16.785,16:47,0.373,0.81,0.323,5.175,2.016,3.222,2.707,1.079,0.222,82,1.302,0.238,1.778,1.19,1.587,4.81,1.794,0.921,0.746,2.603,0.841,2.206,0.952,0.432,15.141
DeShawn Stevenson,21.0,UTA,67,16.883,16:52,0.385,0.698,0.08,4.851,1.955,1.731,1.706,0.433,0.358,53,0.791,0.657,1.299,1.015,1.224,5.537,2.134,0.791,0.552,0.373,0.03,5.164,2.104,0.408,11.152
Zendon Hamilton,27.0,DEN,54,15.671,15:40,0.42,0.652,,6.0,4.685,0.259,0.233,0.389,0.333,39,0.722,2.037,2.648,1.111,1.926,4.537,1.907,3.352,2.185,0.0,0.0,4.537,1.907,0.42,13.067
Marcus Camby,28.0,NYK,29,34.792,34:47,0.448,0.626,0.0,11.103,11.103,1.138,0.786,1.172,1.724,84,2.897,3.069,8.034,1.448,3.69,10.0,4.483,3.414,2.138,0.034,0.0,9.966,4.483,0.45,33.376
Will Solomon,23.0,MEM,62,14.245,14:14,0.341,0.671,0.284,5.177,1.097,1.484,1.484,0.565,0.113,42,0.677,0.194,0.903,1.0,1.226,5.339,1.823,1.177,0.79,2.613,0.742,2.726,1.081,0.396,9.752
Kevin Willis,39.0,HOU,52,16.66,16:39,0.44,0.747,0.0,6.058,5.75,0.269,0.341,0.481,0.442,48,0.923,2.019,3.731,0.788,1.885,5.462,2.404,1.673,1.25,0.019,0.0,5.442,2.404,0.442,15.342
Brendan Haywood,22.0,WAS,62,20.428,20:25,0.493,0.606,,5.081,5.194,0.468,0.58,0.339,1.468,112,1.806,2.306,2.887,0.806,2.548,3.565,1.758,2.581,1.565,0.0,0.0,3.565,1.758,0.493,16.627
Wang Zhi-zhi,24.0,DAL,55,10.807,10:48,0.44,0.737,0.414,5.6,2.018,0.4,0.88,0.2,0.327,29,0.527,0.345,1.673,0.455,1.527,4.509,1.982,1.036,0.764,2.109,0.873,2.4,1.109,0.462,9.749
Darvin Ham,28.0,MIL,70,17.242,17:14,0.569,0.504,0.143,4.329,2.886,1.043,0.88,0.357,0.529,62,0.886,1.3,1.586,1.186,2.5,3.014,1.714,1.757,0.886,0.1,0.014,2.914,1.7,0.583,10.827
Dan Majerle,36.0,PHX,65,18.194,18:11,0.343,0.59,0.336,4.615,2.708,1.385,2.571,0.738,0.231,63,0.969,0.431,2.277,0.538,1.6,4.446,1.523,0.6,0.354,3.615,1.215,0.831,0.308,0.37,12.311
Jerome James,26.0,SEA,56,16.995,16:59,0.491,0.5,,5.321,4.143,0.429,0.324,0.446,1.536,111,1.982,1.589,2.554,1.321,3.107,4.875,2.393,1.071,0.536,0.0,0.0,4.875,2.393,0.491,15.561
Jake Voskuhl,24.0,PHX,59,15.271,15:16,0.554,0.752,,5.017,4.237,0.305,0.375,0.186,0.39,34,0.576,1.746,2.492,0.814,2.356,3.271,1.814,1.847,1.39,0.0,0.0,3.271,1.814,0.554,11.475
John Starks,36.0,UTA,66,14.096,14:05,0.368,0.805,0.305,4.394,1.03,1.061,1.346,0.5,0.0,33,0.5,0.227,0.803,0.788,1.909,4.697,1.727,0.621,0.5,1.439,0.439,3.258,1.288,0.395,7.933
Vladimir Stepania,26.0,MIA,67,13.184,13:11,0.47,0.481,0.5,4.254,4.03,0.239,0.308,0.358,0.657,68,1.015,1.493,2.537,0.776,1.537,3.716,1.746,1.552,0.746,0.03,0.015,3.687,1.731,0.47,11.716
Chris Childs,34.0,TOR,69,22.882,22:52,0.328,0.817,0.275,4.13,2.232,5.087,2.854,0.812,0.072,61,0.884,0.261,1.971,1.783,2.565,4.29,1.406,1.029,0.841,1.739,0.478,2.551,0.928,0.364,15.309
Art Long,29.0,SEA,63,15.693,15:41,0.492,0.529,,4.524,3.984,0.651,0.651,0.349,0.444,50,0.794,1.698,2.286,1.0,2.857,3.873,1.905,1.349,0.714,0.0,0.0,3.873,1.905,0.492,11.662
Tom Gugliotta,32.0,PHX,44,25.769,25:46,0.422,0.757,0.333,6.477,5.023,1.75,1.262,0.886,0.682,69,1.568,1.341,3.682,1.386,2.636,6.841,2.886,0.841,0.636,0.205,0.068,6.636,2.818,0.425,18.448
John Crotty,32.0,UTA,41,19.499,19:29,0.471,0.864,0.449,6.927,1.829,3.439,2.765,0.463,0.024,20,0.488,0.39,1.439,1.244,1.878,5.073,2.39,1.61,1.39,1.683,0.756,3.39,1.634,0.482,14.5
Earl Boykins,26.0,LAC,68,11.202,11:12,0.4,0.77,0.31,4.118,0.794,2.132,3.295,0.294,0.029,22,0.324,0.397,0.397,0.647,0.647,4.044,1.618,0.897,0.691,0.618,0.191,3.426,1.426,0.416,8.593
Donnell Harvey,21.0,DEN,47,17.967,17:58,0.498,0.6,,5.745,4.83,0.787,1.121,0.447,0.511,45,0.957,1.702,3.128,0.702,2.447,4.617,2.298,1.915,1.149,0.0,0.0,4.617,2.298,0.498,14.891
Steve Kerr,36.0,POR,65,11.902,11:54,0.47,0.975,0.394,4.138,0.923,0.969,2.625,0.2,0.015,14,0.215,0.092,0.831,0.369,0.754,3.338,1.569,0.615,0.6,1.015,0.4,2.323,1.169,0.503,6.977
Lawrence Funderburke,31.0,SAC,56,12.868,12:52,0.469,0.607,0.0,4.714,3.536,0.571,0.97,0.196,0.321,29,0.518,1.357,2.179,0.589,1.161,4.375,2.054,1.0,0.607,0.054,0.0,4.321,2.054,0.475,10.779
Eddie Robinson,26.0,CHI,29,22.49,22:29,0.453,0.75,0.4,9.034,2.69,1.276,1.028,0.793,0.379,34,1.172,0.828,1.862,1.241,1.207,8.517,3.862,1.655,1.241,0.172,0.069,8.345,3.793,0.455,16.452
Mitch Richmond,37.0,LAL,64,11.11,11:06,0.405,0.955,0.29,4.062,1.469,0.891,1.425,0.281,0.094,24,0.375,0.219,1.25,0.625,0.953,3.859,1.562,0.688,0.656,0.969,0.281,2.891,1.281,0.443,7.661
Corie Blount,33.0,PHI,72,19.855,19:51,0.458,0.644,0.0,3.597,5.111,0.611,0.846,0.681,0.361,75,1.042,2.069,3.042,0.722,2.444,3.486,1.597,0.625,0.403,0.014,0.0,3.472,1.597,0.46,13.05
Kwame Brown,20.0,WAS,57,14.335,14:20,0.387,0.707,0.0,4.526,3.474,0.754,1.0,0.281,0.456,42,0.737,1.105,2.368,0.754,1.842,4.263,1.649,1.737,1.228,0.018,0.0,4.246,1.649,0.388,11.282
Terence Morris,23.0,HOU,68,16.401,16:24,0.384,0.643,0.192,3.75,3.103,0.941,1.422,0.309,0.397,48,0.706,1.132,1.971,0.662,1.059,4.25,1.632,0.412,0.265,1.147,0.221,3.103,1.412,0.455,10.341
Raja Bell,25.0,PHI,74,12.061,12:03,0.429,0.75,0.273,3.432,1.5,0.959,1.479,0.284,0.054,25,0.338,0.419,1.081,0.649,1.473,3.243,1.392,0.649,0.486,0.595,0.162,2.649,1.23,0.464,7.036
Greg Buckner,25.0,DAL,44,20.109,20:06,0.525,0.69,0.312,5.75,3.932,1.091,1.778,0.705,0.432,50,1.136,1.523,2.409,0.614,2.818,4.5,2.364,1.318,0.909,0.364,0.114,4.136,2.25,0.544,14.9
Greg Ostertag,29.0,UTA,74,15.0,15:00,0.453,0.485,,3.311,4.23,0.676,0.98,0.203,1.473,124,1.676,1.689,2.541,0.689,2.054,2.716,1.23,1.757,0.851,0.0,0.0,2.716,1.23,0.453,13.738
Sam Mitchell,38.0,MIN,74,9.765,09:45,0.432,0.776,0.286,3.297,1.108,0.608,1.731,0.162,0.054,16,0.216,0.243,0.865,0.351,1.068,3.068,1.324,0.662,0.514,0.473,0.135,2.595,1.189,0.458,5.836
A.J. Guyton,24.0,CHI,45,13.421,13:25,0.361,0.815,0.374,5.422,0.978,1.8,2.189,0.222,0.156,17,0.378,0.267,0.711,0.822,0.511,5.422,1.956,0.6,0.489,2.733,1.022,2.689,0.933,0.347,9.607
Grant Hill,29.0,ORL,14,36.683,36:40,0.426,0.862,0.0,16.786,8.929,4.571,1.73,0.571,0.286,12,0.857,2.071,6.857,2.643,2.857,13.929,5.929,5.714,4.929,0.143,0.0,13.786,5.929,0.43,34.286
Milt Palacio,24.0,PHX,69,11.455,11:27,0.383,0.73,0.317,3.348,1.058,1.203,2.075,0.435,0.058,34,0.493,0.159,0.899,0.58,0.884,3.101,1.188,1.072,0.783,0.594,0.188,2.507,1.0,0.399,7.32
Earl Watson,23.0,SEA,64,15.084,15:05,0.453,0.639,0.364,3.609,1.297,1.953,2.451,0.938,0.078,65,1.016,0.484,0.812,0.797,1.453,3.312,1.5,0.562,0.359,0.688,0.25,2.625,1.25,0.476,10.345
John Wallace,28.0,PHX,46,10.544,10:32,0.435,0.87,0.385,5.022,1.848,0.63,1.0,0.239,0.196,20,0.435,0.587,1.261,0.63,1.304,4.652,2.022,1.0,0.87,0.283,0.109,4.37,1.913,0.438,8.859
Danny Ferry,35.0,SAS,50,15.975,15:58,0.429,0.944,0.434,4.58,1.8,0.96,2.182,0.32,0.18,25,0.5,0.3,1.5,0.44,1.4,3.54,1.52,0.72,0.68,1.98,0.86,1.56,0.66,0.423,9.24
Robert Traylor,25.0,CHH,61,11.108,11:06,0.426,0.631,1.0,3.738,3.066,0.607,0.822,0.393,0.607,61,1.0,1.098,1.967,0.738,2.082,3.344,1.426,1.377,0.869,0.016,0.016,3.328,1.41,0.424,10.589
Tracy Murray,30.0,TOR,40,11.821,11:49,0.411,0.81,0.385,5.675,1.325,0.475,0.76,0.275,0.2,19,0.475,0.45,0.875,0.625,0.95,5.175,2.125,0.525,0.425,2.6,1.0,2.575,1.125,0.437,8.778
Brian Skinner,26.0,CLE,65,17.044,17:02,0.543,0.608,,3.446,4.323,0.262,0.405,0.369,0.938,85,1.308,1.431,2.892,0.646,2.0,2.492,1.354,1.215,0.738,0.0,0.0,2.492,1.354,0.543,12.303
Don Reid,28.0,ORL,68,10.481,10:28,0.474,0.647,,3.294,2.588,0.397,0.5,0.294,0.647,64,0.941,0.956,1.632,0.794,2.647,2.794,1.324,1.0,0.647,0.0,0.0,2.794,1.324,0.474,9.025
Shammond Williams,27.0,SEA,50,12.056,12:03,0.42,0.795,0.373,4.42,1.26,1.66,2.371,0.42,0.04,23,0.46,0.32,0.94,0.7,0.7,3.86,1.62,0.78,0.62,1.5,0.56,2.36,1.06,0.449,9.102
Charles Oakley,38.0,CHI,57,24.288,24:17,0.369,0.75,0.167,3.789,6.018,2.0,1.31,0.86,0.193,60,1.053,1.263,4.754,1.526,3.07,4.614,1.702,0.491,0.368,0.105,0.018,4.509,1.684,0.374,15.642
Shawn Bradley,30.0,DAL,53,14.288,14:17,0.479,0.922,0.0,4.057,3.321,0.377,0.8,0.528,1.208,92,1.736,1.0,2.321,0.472,2.415,3.075,1.472,1.208,1.113,0.019,0.0,3.057,1.472,0.481,13.343
Jamal Crawford,22.0,CHI,23,20.944,20:56,0.476,0.769,0.448,9.304,1.478,2.391,1.719,0.783,0.217,23,1.0,0.217,1.261,1.391,0.783,8.13,3.87,0.565,0.435,2.522,1.13,5.609,2.739,0.488,16.274
Walter McCarty,28.0,BOS,56,12.845,12:50,0.444,0.684,0.394,3.786,2.286,0.732,1.864,0.321,0.125,25,0.446,0.571,1.714,0.393,1.482,3.214,1.429,0.339,0.232,1.768,0.696,1.446,0.732,0.506,8.573
Bryce Drew,27.0,CHH,61,12.65,12:39,0.429,0.793,0.425,3.443,1.18,1.656,3.061,0.525,0.033,34,0.557,0.23,0.951,0.541,0.803,2.984,1.279,0.475,0.377,1.197,0.508,1.787,0.77,0.431,8.474
Trajan Langdon,26.0,CLE,44,10.834,10:50,0.398,0.913,0.365,4.75,1.25,1.364,1.5,0.295,0.114,18,0.409,0.295,0.955,0.909,1.114,4.0,1.591,1.045,0.955,1.682,0.614,2.318,0.977,0.422,8.614
Tyrone Hill,34.0,CLE,26,31.125,31:07,0.39,0.65,0.0,8.038,10.538,0.885,0.479,0.654,0.5,30,1.154,3.038,7.5,1.846,3.923,7.0,2.731,3.962,2.577,0.038,0.0,6.962,2.731,0.392,23.627
Bryant Stith,31.0,CLE,50,13.264,13:15,0.372,0.846,0.353,4.16,1.7,0.84,1.4,0.58,0.12,35,0.7,0.4,1.3,0.6,0.84,3.76,1.4,1.04,0.88,1.36,0.48,2.4,0.92,0.383,8.96
Mark Strickland,31.0,ATL,46,14.251,14:15,0.446,0.568,0.25,4.522,2.848,0.435,0.714,0.413,0.348,35,0.761,0.891,1.957,0.609,1.043,4.435,1.978,0.957,0.543,0.087,0.022,4.348,1.957,0.45,10.265
Ervin Johnson,34.0,MIL,81,20.483,20:28,0.461,0.455,0.0,2.568,5.753,0.333,0.519,0.457,1.012,119,1.469,1.753,4.0,0.642,2.704,2.383,1.099,0.815,0.37,0.012,0.0,2.37,1.099,0.464,13.737
Etan Thomas,24.0,WAS,47,13.202,13:12,0.536,0.554,,4.319,3.851,0.128,0.231,0.362,0.745,52,1.106,1.17,2.681,0.553,1.617,3.213,1.723,1.574,0.872,0.0,0.0,3.213,1.723,0.536,11.898
Scott Williams,34.0,DEN,41,17.94,17:56,0.396,0.732,0.0,4.927,5.098,0.317,0.371,0.415,0.805,50,1.22,2.0,3.098,0.854,2.39,5.293,2.098,1.0,0.732,0.049,0.0,5.244,2.098,0.4,14.324
Anthony Carter,27.0,MIA,46,22.837,22:50,0.342,0.528,0.053,4.304,2.543,4.652,2.972,1.087,0.065,53,1.152,0.413,2.13,1.565,1.848,5.652,1.935,0.783,0.413,0.413,0.022,5.239,1.913,0.365,16.226
Johnny Newman,38.0,DAL,47,15.424,15:25,0.453,0.724,0.386,4.213,1.043,0.298,0.667,0.617,0.085,33,0.702,0.191,0.851,0.447,1.872,3.149,1.426,1.234,0.894,1.213,0.468,1.936,0.957,0.495,7.57
Michael Doleac,25.0,CLE,42,16.871,16:52,0.417,0.826,,4.619,4.0,0.595,0.676,0.357,0.262,26,0.619,1.119,2.881,0.881,2.333,4.452,1.857,1.095,0.905,0.0,0.0,4.452,1.857,0.417,11.288
Dana Barros,35.0,DET,29,20.209,20:12,0.385,0.778,0.338,6.655,1.966,2.655,2.333,0.483,0.069,16,0.552,0.034,1.931,1.138,1.276,6.621,2.552,0.931,0.724,2.448,0.828,4.172,1.724,0.413,13.514
Rusty LaRue,28.0,UTA,33,16.362,16:21,0.395,0.857,0.34,5.848,1.485,2.152,1.651,0.515,0.212,24,0.727,0.333,1.152,1.303,1.758,5.606,2.212,1.061,0.909,1.515,0.515,4.091,1.697,0.415,11.736
Vonteego Cummings,26.0,PHI,58,8.536,08:32,0.417,0.75,0.261,3.31,0.897,1.034,1.667,0.31,0.086,23,0.397,0.241,0.655,0.621,0.914,3.224,1.345,0.552,0.414,0.793,0.207,2.431,1.138,0.468,6.507
Joel Przybilla,22.0,MIL,71,15.86,15:51,0.535,0.422,0.0,2.676,3.986,0.296,0.488,0.282,1.662,138,1.944,1.099,2.887,0.606,2.803,2.0,1.07,1.268,0.535,0.014,0.0,1.986,1.07,0.539,13.128
Steven Hunter,20.0,ORL,53,9.699,09:41,0.456,0.585,,3.566,1.83,0.094,0.312,0.094,0.811,48,0.906,0.755,1.075,0.302,1.528,2.774,1.264,1.774,1.038,0.0,0.0,2.774,1.264,0.456,8.319
Kenny Satterfield,21.0,DEN,36,15.552,15:33,0.367,0.783,0.259,5.25,1.444,3.0,2.038,0.861,0.028,32,0.889,0.472,0.972,1.472,1.194,5.528,2.028,1.278,1.0,0.75,0.194,4.778,1.833,0.384,12.678
Marc Jackson,27.0,MIN,39,12.771,12:46,0.366,0.825,0.0,4.769,3.282,0.359,0.467,0.282,0.154,17,0.436,1.231,2.051,0.769,1.769,4.205,1.538,2.051,1.692,0.026,0.0,4.179,1.538,0.368,9.785
Emanual Davis,33.0,ATL,28,27.679,27:40,0.354,0.889,0.341,6.607,2.643,2.429,1.308,0.964,0.179,32,1.143,0.679,1.964,1.857,2.429,7.071,2.5,0.643,0.571,3.036,1.036,4.036,1.464,0.363,14.993
Dalibor Bagaric,21.0,CHI,50,12.698,12:41,0.404,0.586,0.0,3.7,3.24,0.46,0.5,0.34,0.48,41,0.82,1.1,2.14,0.92,2.16,3.56,1.44,1.4,0.82,0.02,0.0,3.54,1.44,0.407,9.818
Sean Rooks,32.0,LAC,61,11.962,11:57,0.418,0.724,,3.0,2.033,0.41,1.25,0.197,0.344,33,0.541,0.525,1.508,0.328,1.869,3.18,1.328,0.475,0.344,0.0,0.0,3.18,1.328,0.418,7.349
Rafer Alston,25.0,MIL,50,11.924,11:55,0.346,0.621,0.38,3.54,1.44,2.86,3.575,0.64,0.04,34,0.68,0.2,1.24,0.8,0.84,3.82,1.32,0.58,0.36,1.42,0.54,2.4,0.78,0.325,10.798
John Amaechi,31.0,UTA,54,10.852,10:51,0.325,0.638,,3.241,2.019,0.537,0.527,0.13,0.185,17,0.315,0.963,1.056,1.019,1.185,3.074,1.0,1.944,1.241,0.0,0.0,3.074,1.0,0.325,6.394
Gerald Wallace,19.0,SAC,54,7.995,07:59,0.429,0.5,0.0,3.204,1.648,0.5,1.227,0.352,0.111,25,0.463,0.907,0.741,0.407,0.852,3.241,1.389,0.852,0.426,0.13,0.0,3.111,1.389,0.446,6.913
Glen Rice,35.0,HOU,20,30.327,30:19,0.389,0.8,0.281,8.6,2.35,1.55,1.292,0.6,0.15,15,0.75,0.25,2.1,1.2,1.7,8.35,3.25,1.5,1.2,3.2,0.9,5.15,2.35,0.456,14.795
George Lynch,31.0,CHH,45,19.84,19:50,0.369,0.625,0.167,3.822,4.133,1.2,1.317,0.889,0.311,54,1.2,1.556,2.578,0.911,1.667,4.4,1.622,0.889,0.556,0.133,0.022,4.267,1.6,0.375,13.271
Howard Eisley,29.0,NYK,39,15.646,15:38,0.337,0.796,0.241,4.385,1.256,2.564,1.887,0.615,0.077,27,0.692,0.231,1.026,1.359,1.41,4.487,1.513,1.256,1.0,1.487,0.359,3.0,1.154,0.385,10.456
Felipe Lopez,27.0,MIN,67,8.555,08:33,0.378,0.673,0.424,2.522,1.194,0.582,1.083,0.269,0.015,19,0.284,0.433,0.761,0.537,1.09,2.328,0.881,0.821,0.552,0.493,0.209,1.836,0.672,0.366,5.142
Brian Shaw,36.0,LAL,58,10.83,10:49,0.353,0.692,0.33,2.914,1.931,1.534,2.781,0.431,0.052,28,0.483,0.328,1.603,0.552,0.741,2.983,1.052,0.448,0.31,1.517,0.5,1.466,0.552,0.376,8.429
Mark Madsen,26.0,LAL,59,10.996,10:59,0.452,0.648,0.0,2.831,2.746,0.746,2.0,0.271,0.22,29,0.492,1.508,1.237,0.373,1.763,2.475,1.119,0.915,0.593,0.034,0.0,2.441,1.119,0.458,8.346
Danny Manning,36.0,DAL,41,13.511,13:30,0.477,0.667,0.143,4.024,2.634,0.732,1.2,0.512,0.512,42,1.024,0.61,2.024,0.61,1.951,3.634,1.732,0.805,0.537,0.171,0.024,3.463,1.707,0.493,10.746
Alton Ford,21.0,PHX,53,8.485,08:29,0.517,0.737,,3.094,2.019,0.132,0.219,0.113,0.132,13,0.245,0.604,1.415,0.604,1.868,2.226,1.151,1.075,0.792,0.0,0.0,2.226,1.151,0.517,5.847
Andrew DeClercq,29.0,ORL,61,10.402,10:24,0.45,0.56,,2.656,2.672,0.361,0.647,0.377,0.377,46,0.754,1.213,1.459,0.557,2.131,2.443,1.098,0.82,0.459,0.0,0.0,2.443,1.098,0.45,8.108
Cal Bowdler,25.0,ATL,52,11.243,11:14,0.351,0.83,0.2,3.115,2.115,0.212,1.0,0.346,0.288,33,0.635,0.731,1.385,0.212,1.231,3.346,1.173,0.904,0.75,0.096,0.019,3.25,1.154,0.355,7.663
Bimbo Coles,34.0,CLE,47,14.759,14:45,0.384,0.892,0.2,3.17,1.17,2.277,3.452,0.277,0.085,17,0.362,0.255,0.915,0.66,1.255,3.106,1.191,0.787,0.702,0.426,0.085,2.681,1.106,0.413,8.415
Quincy Lewis,25.0,UTA,36,13.547,13:32,0.448,0.65,0.167,4.0,1.194,1.0,1.125,0.639,0.25,32,0.889,0.278,0.917,0.889,2.472,3.972,1.778,0.556,0.361,0.5,0.083,3.472,1.694,0.488,8.711
Alan Henderson,29.0,ATL,26,16.264,16:15,0.509,0.533,1.0,5.5,3.731,0.423,0.524,0.423,0.577,26,1.0,1.192,2.538,0.808,1.538,4.462,2.269,1.731,0.923,0.038,0.038,4.423,2.231,0.504,12.804
Mengke Bateer,26.0,DEN,27,15.097,15:05,0.402,0.784,0.333,5.148,3.556,0.815,0.688,0.37,0.185,15,0.556,1.185,2.37,1.185,3.481,4.889,1.963,1.37,1.074,0.444,0.148,4.444,1.815,0.408,11.119
Tariq Abdul-Wahad,27.0,DAL,24,18.433,18:25,0.374,0.727,0.5,5.625,3.5,1.0,0.889,0.833,0.417,30,1.25,1.708,1.792,1.125,2.333,6.125,2.292,1.375,1.0,0.083,0.042,6.042,2.25,0.372,13.95
Rick Brunson,30.0,POR,59,8.81,08:48,0.402,0.707,0.545,2.119,1.169,1.932,2.426,0.424,0.034,27,0.458,0.407,0.763,0.797,0.864,1.898,0.763,0.695,0.492,0.186,0.102,1.712,0.661,0.386,6.997
Tierre Brown,23.0,HOU,40,10.041,10:02,0.426,0.75,0.333,3.075,1.05,1.75,1.75,0.475,0.075,22,0.55,0.3,0.75,1.0,0.65,2.875,1.225,0.7,0.525,0.3,0.1,2.575,1.125,0.437,7.61
Mookie Blaylock,35.0,GSW,35,17.133,17:07,0.342,0.5,0.357,3.4,1.486,3.257,3.081,0.686,0.114,28,0.8,0.229,1.257,1.057,0.571,4.171,1.429,0.229,0.114,1.2,0.429,2.971,1.0,0.337,11.411
Derrick McKey,35.0,PHI,41,19.1,19:06,0.426,0.714,0.417,2.902,3.098,1.098,2.045,1.0,0.098,45,1.098,1.171,1.927,0.537,2.195,2.976,1.268,0.341,0.244,0.293,0.122,2.683,1.146,0.427,11.022
Eddie Gill,23.0,MEM,23,16.566,16:33,0.424,0.795,0.318,5.043,1.217,2.13,1.441,0.478,0.13,14,0.609,0.304,0.913,1.478,1.652,4.0,1.696,1.696,1.348,0.957,0.304,3.043,1.391,0.457,10.048
Eric Montross,30.0,TOR,49,13.39,13:23,0.402,0.323,0.0,2.367,2.857,0.327,0.64,0.245,0.469,35,0.714,0.735,2.122,0.51,1.878,2.694,1.082,0.633,0.204,0.02,0.0,2.673,1.082,0.405,7.918
Zach Randolph,20.0,POR,41,5.785,05:47,0.449,0.667,,2.78,1.659,0.317,0.867,0.171,0.098,11,0.268,0.732,0.927,0.366,0.707,2.61,1.171,0.659,0.439,0.0,0.0,2.61,1.171,0.449,5.685
Antonio McDyess,27.0,DEN,10,23.507,23:30,0.573,0.818,,11.3,5.5,1.8,0.9,1.0,0.8,18,1.8,1.8,3.7,2.0,2.0,7.5,4.3,3.3,2.7,0.0,0.0,7.5,4.3,0.573,24.0
Bobby Simmons,22.0,WAS,30,11.323,11:19,0.453,0.733,0.286,3.733,1.733,0.567,1.214,0.433,0.167,18,0.6,0.833,0.9,0.467,1.033,3.167,1.433,1.0,0.733,0.467,0.133,2.7,1.3,0.481,7.997
Jud Buechler,34.0,ORL,66,10.284,10:17,0.373,0.5,0.35,1.682,1.758,0.485,2.133,0.318,0.121,29,0.439,0.439,1.318,0.227,0.803,1.788,0.667,0.061,0.03,0.909,0.318,0.879,0.348,0.397,5.609
Carlos Arroyo,22.0,DEN,37,9.998,09:59,0.441,0.722,0.0,3.0,1.081,1.892,3.043,0.297,0.027,12,0.324,0.324,0.757,0.622,0.811,3.0,1.324,0.486,0.351,0.054,0.0,2.946,1.324,0.45,7.486
Loren Woods,24.0,MIN,60,8.595,08:35,0.344,0.733,0.0,1.833,2.033,0.367,0.611,0.283,0.567,51,0.85,0.767,1.267,0.6,1.0,1.6,0.55,1.0,0.733,0.033,0.0,1.567,0.55,0.351,6.773
Antonis Fotsis,21.0,MEM,28,11.334,11:20,0.404,0.85,0.304,3.857,2.214,0.357,0.476,0.321,0.393,20,0.714,0.893,1.321,0.75,0.786,3.714,1.5,0.714,0.607,0.821,0.25,2.893,1.25,0.432,8.443
Dan Langhi,24.0,HOU,34,12.741,12:44,0.392,0.727,0.25,3.147,1.971,0.412,1.556,0.235,0.147,13,0.382,0.647,1.324,0.265,0.735,3.676,1.441,0.324,0.235,0.118,0.029,3.559,1.412,0.397,7.012
Jason Collier,24.0,HOU,25,14.521,14:31,0.432,0.75,0.0,4.24,3.28,0.36,0.692,0.24,0.16,10,0.4,1.24,2.04,0.52,1.6,3.8,1.64,1.28,0.96,0.04,0.0,3.76,1.64,0.436,9.396
Matt Bullard,35.0,CHH,31,11.298,11:17,0.339,0.917,0.281,3.387,1.516,0.516,1.333,0.065,0.065,4,0.129,0.323,1.194,0.387,0.935,3.71,1.258,0.387,0.355,1.839,0.516,1.871,0.742,0.397,5.981
Derrick Dial,26.0,TOR,32,9.334,09:20,0.342,0.75,0.091,3.156,1.75,1.094,2.188,0.312,0.125,14,0.438,0.438,1.312,0.5,0.406,3.75,1.281,0.75,0.562,0.344,0.031,3.406,1.25,0.367,7.709
Jason Caffey,29.0,MIL,23,12.383,12:22,0.5,0.628,0.0,4.304,2.174,0.522,0.632,0.174,0.217,9,0.391,1.043,1.13,0.826,1.696,3.13,1.565,1.87,1.174,0.043,0.0,3.087,1.565,0.507,8.043
Travis Knight,27.0,NYK,49,8.773,08:46,0.363,0.762,,2.0,2.122,0.163,0.296,0.224,0.204,21,0.429,0.98,1.143,0.551,1.939,2.306,0.837,0.429,0.327,0.0,0.0,2.306,0.837,0.363,5.527
Sean Marks,26.0,MIA,21,15.21,15:12,0.432,0.588,,4.571,3.571,0.381,0.421,0.238,0.476,15,0.714,0.905,2.667,0.905,1.905,4.19,1.81,1.619,0.952,0.0,0.0,4.19,1.81,0.432,10.667
Anthony Johnson,27.0,NJN,34,10.767,10:46,0.411,0.64,0.333,2.765,0.853,1.412,2.4,0.912,0.029,32,0.941,0.294,0.559,0.588,0.882,2.647,1.088,0.735,0.471,0.353,0.118,2.294,0.971,0.423,8.141
Mark Blount,26.0,BOS,44,9.45,09:27,0.421,0.811,,2.136,1.932,0.227,0.435,0.364,0.432,35,0.795,0.591,1.341,0.523,1.341,1.727,0.727,0.841,0.682,0.0,0.0,1.727,0.727,0.421,6.659
Lavor Postell,24.0,NYK,23,7.724,07:43,0.333,0.756,0.231,4.043,0.696,0.217,0.455,0.261,0.0,6,0.261,0.087,0.609,0.478,0.304,3.652,1.217,1.783,1.348,1.13,0.261,2.522,0.957,0.379,5.509
Calvin Booth,26.0,SEA,15,18.535,18:32,0.427,0.958,,6.2,3.6,1.067,1.0,0.4,0.867,19,1.267,1.333,2.267,1.067,3.133,5.467,2.333,1.6,1.533,0.0,0.0,5.467,2.333,0.427,14.853
Isaiah Rider,31.0,DEN,10,17.366,17:21,0.457,0.765,0.4,9.3,3.3,1.2,0.857,0.3,0.2,5,0.5,1.0,2.3,1.4,1.1,8.1,3.7,1.7,1.3,1.5,0.6,6.6,3.1,0.47,15.16
Stephen Jackson,24.0,SAS,23,9.823,09:49,0.374,0.706,0.25,3.87,1.13,0.478,0.478,0.652,0.13,18,0.783,0.13,1.0,1.0,1.261,3.957,1.478,0.739,0.522,1.565,0.391,2.391,1.087,0.455,7.291
Mark Pope,29.0,MIL,45,9.451,09:27,0.396,0.524,0.16,1.933,1.622,0.378,1.133,0.244,0.244,22,0.489,0.444,1.178,0.333,1.044,2.022,0.8,0.467,0.244,0.556,0.089,1.467,0.711,0.485,5.58
Shawnelle Scott,30.0,DEN,21,11.873,11:52,0.493,0.4,,3.905,4.905,0.381,0.533,0.143,0.286,9,0.429,2.524,2.381,0.714,2.333,3.571,1.762,0.952,0.381,0.0,0.0,3.571,1.762,0.493,10.933
Joe Crispin,22.0,PHX,21,7.355,07:21,0.382,0.923,0.385,3.762,0.524,1.238,2.6,0.238,0.0,5,0.238,0.095,0.429,0.476,0.476,3.238,1.238,0.619,0.571,1.857,0.714,1.381,0.524,0.379,6.486
Mikki Moore,26.0,DET,30,7.116,07:06,0.475,0.769,0.5,2.633,1.733,0.4,0.857,0.233,0.3,16,0.533,0.733,1.0,0.467,1.167,2.033,0.967,0.867,0.667,0.067,0.033,1.967,0.933,0.475,6.447
Ike Austin,32.0,MEM,21,14.594,14:35,0.391,1.0,0.0,3.619,3.381,0.619,1.182,0.429,0.238,14,0.667,0.524,2.857,0.524,1.714,4.381,1.714,0.19,0.19,0.143,0.0,4.238,1.714,0.404,10.081
Tremaine Fowlkes,26.0,LAC,22,15.483,15:28,0.391,0.774,,3.364,2.909,0.773,1.308,0.5,0.045,12,0.545,1.455,1.455,0.591,1.773,2.909,1.136,1.409,1.091,0.0,0.0,2.909,1.136,0.391,9.059
Jabari Smith,25.0,PHI,23,7.856,07:51,0.413,0.656,0.0,3.174,1.217,0.478,2.2,0.261,0.261,12,0.522,0.348,0.87,0.217,1.348,2.739,1.13,1.391,0.913,0.13,0.0,2.609,1.13,0.433,6.7
Chris Andersen,23.0,DEN,24,10.861,10:51,0.338,0.786,0.0,3.0,3.167,0.292,0.538,0.292,1.167,35,1.458,1.583,1.583,0.542,1.458,3.083,1.042,1.167,0.917,0.167,0.0,2.917,1.042,0.357,11.071
William Avery,22.0,MIN,28,9.298,09:17,0.289,0.684,0.171,2.536,0.857,1.286,1.895,0.25,0.0,7,0.25,0.143,0.714,0.679,0.607,3.214,0.929,0.679,0.464,1.25,0.214,1.964,0.714,0.364,5.564
Mateen Cleaves,24.0,SAC,32,4.833,04:49,0.441,0.889,0.25,2.188,0.25,0.781,0.926,0.219,0.0,7,0.219,0.031,0.219,0.844,0.281,2.125,0.938,0.281,0.25,0.25,0.062,1.875,0.875,0.467,3.472
Brandon Armstrong,22.0,NJN,35,5.565,05:33,0.318,0.5,0.294,1.829,0.457,0.229,1.0,0.2,0.029,8,0.229,0.286,0.171,0.229,0.743,2.429,0.771,0.286,0.143,0.486,0.143,1.943,0.629,0.324,3.177
Cherokee Parks,29.0,SAS,42,5.541,05:32,0.361,0.375,,1.5,1.381,0.238,0.714,0.167,0.19,15,0.357,0.571,0.81,0.333,0.81,1.976,0.714,0.19,0.071,0.0,0.0,1.976,0.714,0.361,4.252
Kedrick Brown,21.0,BOS,29,8.453,08:27,0.329,0.6,0.185,2.172,1.724,0.517,2.143,0.621,0.241,25,0.862,0.379,1.345,0.241,0.621,2.414,0.793,0.69,0.414,0.931,0.172,1.483,0.621,0.419,7.362
Robert Pack,33.0,MIN,16,15.856,15:51,0.368,0.733,0.25,3.875,1.438,3.062,2.45,0.812,0.0,13,0.812,0.438,1.0,1.25,2.0,4.25,1.562,0.938,0.688,0.25,0.062,4.0,1.5,0.375,11.381
Evan Eschmeyer,27.0,DAL,31,9.649,09:38,0.42,0.606,,2.0,3.161,0.29,0.562,0.323,0.29,19,0.613,1.129,2.032,0.516,1.935,1.613,0.677,1.065,0.645,0.0,0.0,1.613,0.677,0.42,7.552
Nick Anderson,34.0,MEM,15,14.686,14:41,0.276,0.556,0.271,4.0,2.2,0.933,1.0,0.4,0.4,12,0.8,0.067,2.133,0.933,1.133,5.067,1.4,0.6,0.333,3.2,0.867,1.867,0.533,0.286,9.507
Brian Scalabrine,24.0,NJN,28,10.408,10:24,0.343,0.733,0.3,2.143,1.821,0.75,0.875,0.321,0.071,11,0.393,0.429,1.393,0.857,1.393,2.393,0.821,0.536,0.393,0.357,0.107,2.036,0.714,0.351,5.775
Carlos Rogers,31.0,IND,22,7.672,07:40,0.558,0.526,0.167,2.682,1.727,0.136,0.6,0.227,0.273,11,0.5,0.636,1.091,0.227,0.773,1.955,1.091,0.864,0.455,0.273,0.045,1.682,1.045,0.622,6.232
Erick Barkley,24.0,POR,19,11.914,11:54,0.353,0.9,0.143,3.053,0.947,1.789,2.833,0.895,0.053,18,0.947,0.263,0.684,0.632,1.526,3.579,1.263,0.526,0.474,0.368,0.053,3.211,1.211,0.377,9.084
Ansu Sesay,25.0,SEA,9,15.675,15:40,0.5,0.7,,6.444,2.222,0.889,4.0,0.333,0.222,5,0.556,0.778,1.444,0.222,2.0,4.889,2.444,2.222,1.556,0.0,0.0,4.889,2.444,0.5,11.889
Keyon Dooling,22.0,LAC,14,11.221,11:13,0.386,0.833,0.286,4.143,0.214,0.857,1.2,0.286,0.214,7,0.5,0.0,0.214,0.714,1.429,4.071,1.571,0.857,0.714,1.0,0.286,3.071,1.286,0.419,6.471
Jermaine Jackson,26.0,TOR,24,11.583,11:34,0.476,0.667,0.5,2.375,1.125,2.375,4.071,0.375,0.042,10,0.417,0.125,1.0,0.583,1.0,1.75,0.833,1.0,0.667,0.083,0.042,1.667,0.792,0.475,7.954
Rodney White,22.0,DET,16,7.968,07:58,0.35,0.857,0.222,3.5,1.125,0.75,0.857,0.562,0.125,11,0.688,0.125,1.0,0.875,0.375,3.75,1.312,0.875,0.75,0.562,0.125,3.188,1.188,0.373,7.162
Mark Bryant,37.0,SAS,30,6.727,06:43,0.455,0.75,,1.867,1.467,0.333,1.667,0.233,0.067,9,0.3,0.833,0.633,0.2,1.267,1.833,0.833,0.267,0.2,0.0,0.0,1.833,0.833,0.455,4.827
Olumide Oyedeji,21.0,SEA,36,6.175,06:10,0.537,0.611,,1.528,2.194,0.111,0.286,0.111,0.056,6,0.167,0.75,1.444,0.389,1.0,1.139,0.611,0.5,0.306,0.0,0.0,1.139,0.611,0.537,4.439
Obinna Ekezie,26.0,LAC,29,5.069,05:04,0.333,0.7,,1.862,1.172,0.103,0.3,0.069,0.207,8,0.276,0.414,0.759,0.345,0.552,1.345,0.448,1.379,0.966,0.0,0.0,1.345,0.448,0.333,3.907
Harold Jamison,25.0,LAC,25,7.082,07:04,0.512,0.667,,2.16,1.56,0.24,1.0,0.2,0.04,6,0.24,0.96,0.6,0.24,0.92,1.72,0.88,0.6,0.4,0.0,0.0,1.72,0.88,0.512,4.872
Chris Crawford,27.0,ATL,7,18.721,18:43,0.467,0.733,0.0,7.571,3.571,0.714,0.5,0.286,0.714,7,1.0,1.286,2.286,1.429,3.0,6.429,3.0,2.143,1.571,0.143,0.0,6.286,3.0,0.477,14.5
Amal McCaskill,28.0,SAS,27,5.675,05:40,0.408,0.462,,1.926,1.333,0.148,0.286,0.222,0.37,16,0.593,0.593,0.741,0.519,0.852,1.815,0.741,0.963,0.444,0.0,0.0,1.815,0.741,0.408,5.007
Malik Allen,24.0,MIA,12,13.403,13:24,0.431,0.8,0.0,4.333,3.167,0.417,2.5,0.25,0.667,11,0.917,1.25,1.917,0.167,1.333,4.25,1.833,0.833,0.667,0.083,0.0,4.167,1.833,0.44,11.342
Samuel Dalembert,22.0,PHI,34,5.174,05:10,0.44,0.389,,1.5,2.0,0.147,0.357,0.176,0.382,19,0.559,0.735,1.265,0.412,0.882,1.471,0.647,0.529,0.206,0.0,0.0,1.471,0.647,0.44,5.385
Chris Dudley,37.0,POR,43,7.603,07:36,0.4,0.533,0.0,1.116,1.86,0.302,0.929,0.07,0.326,17,0.395,0.628,1.233,0.326,0.977,1.163,0.465,0.349,0.186,0.047,0.0,1.116,0.465,0.417,4.663
Michael Dickerson,27.0,MEM,4,31.388,31:23,0.312,0.833,0.381,10.75,3.0,2.25,1.125,0.75,0.25,4,1.0,0.75,2.25,2.0,3.0,12.0,3.75,1.5,1.25,5.25,2.0,6.75,1.75,0.259,18.725
Primoz Brezec,22.0,IND,22,7.301,07:18,0.483,0.6,,1.955,1.273,0.273,1.0,0.0,0.318,7,0.318,0.727,0.545,0.273,1.273,1.318,0.636,1.136,0.682,0.0,0.0,1.318,0.636,0.483,4.573
Dean Oliver,23.0,GSW,20,6.948,06:56,0.37,0.667,0.154,2.1,0.4,1.05,1.909,0.15,0.0,3,0.15,0.0,0.4,0.55,0.8,2.3,0.85,0.45,0.3,0.65,0.1,1.65,0.75,0.455,4.055
Mike James,27.0,MIA,15,7.839,07:50,0.349,0.571,0.381,2.8,0.933,1.267,1.462,0.4,0.067,7,0.467,0.133,0.8,0.867,1.133,2.867,1.0,0.467,0.267,1.4,0.533,1.467,0.467,0.318,6.353
Randy Livingston,27.0,SEA,13,13.554,13:33,0.278,0.909,0.125,3.154,1.923,2.0,13.0,0.692,0.154,11,0.846,0.692,1.231,0.154,0.846,4.154,1.154,0.846,0.769,0.615,0.077,3.538,1.077,0.304,10.846
Victor Alexander,32.0,DET,14,6.818,06:49,0.353,0.5,0.0,2.857,2.071,0.429,1.2,0.0,0.071,1,0.071,0.5,1.571,0.357,0.429,3.643,1.286,0.571,0.286,0.143,0.0,3.5,1.286,0.367,5.843
Sam Mack,32.0,MIA,12,13.388,13:23,0.286,0.714,0.25,3.333,1.167,0.333,0.571,0.417,0.083,6,0.5,0.167,1.0,0.583,1.417,4.083,1.167,0.583,0.417,2.333,0.583,1.75,0.583,0.333,6.15
Ruben Boumtje-Boumtje,24.0,POR,33,7.421,07:25,0.406,0.52,,1.182,1.667,0.121,0.286,0.091,0.485,19,0.576,0.636,1.03,0.424,1.152,0.97,0.394,0.758,0.394,0.0,0.0,0.97,0.394,0.406,4.667
Doug Overton,32.0,LAC,18,7.302,07:18,0.318,0.571,0.259,2.167,0.667,0.722,1.083,0.167,0.056,4,0.222,0.056,0.611,0.667,0.556,2.444,0.778,0.389,0.222,1.5,0.389,0.944,0.389,0.412,4.05
Jaren Jackson,34.0,ORL,9,15.994,15:59,0.405,0.5,0.35,4.333,1.889,0.889,1.0,0.556,0.0,5,0.556,0.111,1.778,0.889,1.444,4.111,1.667,0.444,0.222,2.222,0.778,1.889,0.889,0.471,8.711
Cedric Henderson,27.0,GSW,12,5.789,05:47,0.484,0.571,0.5,3.0,0.25,0.333,0.5,0.5,0.167,8,0.667,0.083,0.167,0.667,0.333,2.583,1.25,0.583,0.333,0.333,0.167,2.25,1.083,0.481,5.133
Dean Garrett,35.0,GSW,34,5.314,05:18,0.327,0.0,,1.059,1.676,0.147,0.5,0.206,0.294,17,0.5,0.471,1.206,0.294,0.941,1.618,0.529,0.088,0.0,0.0,0.0,1.618,0.529,0.327,4.497
Bruno Sundov,22.0,IND,22,3.862,03:51,0.4,0.0,0.0,1.455,0.955,0.136,0.75,0.136,0.136,6,0.273,0.318,0.636,0.182,0.727,1.818,0.727,0.091,0.0,0.045,0.0,1.773,0.727,0.41,3.441
Brent Price,33.0,SAC,20,4.435,04:26,0.333,0.692,0.267,1.55,0.4,0.45,0.9,0.15,0.05,4,0.2,0.2,0.2,0.5,0.65,1.35,0.45,0.65,0.45,0.75,0.2,0.6,0.25,0.417,2.805
Leon Smith,21.0,ATL,14,7.194,07:11,0.385,0.647,,2.214,2.214,0.214,1.0,0.357,0.071,6,0.429,0.714,1.5,0.214,0.857,1.857,0.714,1.214,0.786,0.0,0.0,1.857,0.714,0.385,6.264
Michael Bradley,23.0,TOR,26,4.525,04:31,0.52,0.5,0.0,1.154,0.923,0.115,0.5,0.0,0.231,6,0.231,0.269,0.654,0.231,0.385,0.962,0.5,0.308,0.154,0.077,0.0,0.885,0.5,0.565,2.896
Norman Richardson,24.0,CHI,11,6.224,06:13,0.385,0.667,0.5,2.727,0.727,0.182,0.667,0.0,0.0,0,0.0,0.273,0.455,0.273,0.455,2.364,0.909,0.818,0.545,0.727,0.364,1.636,0.545,0.333,3.6
Donny Marshall,29.0,NJN,20,5.928,05:55,0.276,0.667,0.5,1.5,1.05,0.25,2.5,0.15,0.0,3,0.15,0.4,0.65,0.1,0.7,1.45,0.4,0.9,0.6,0.2,0.1,1.25,0.3,0.24,3.485
Felton Spencer,34.0,NYK,32,7.756,07:45,0.231,0.515,,0.906,1.562,0.094,0.25,0.219,0.25,15,0.469,0.5,1.062,0.375,2.281,0.812,0.188,1.031,0.531,0.0,0.0,0.812,0.188,0.231,3.953
Mitchell Butler,31.0,POR,11,8.162,08:09,0.435,0.667,0.333,2.636,1.273,0.455,1.0,0.0,0.091,1,0.091,0.545,0.727,0.455,0.909,2.091,0.909,1.091,0.727,0.273,0.091,1.818,0.818,0.45,4.664
Alvin Jones,23.0,PHI,23,5.416,05:24,0.4,0.5,,1.13,1.565,0.13,0.273,0.13,0.391,12,0.522,0.565,1.0,0.478,1.522,0.87,0.348,0.87,0.435,0.0,0.0,0.87,0.348,0.4,4.291
Kirk Haston,23.0,CHH,15,5.15,05:09,0.282,0.5,0.0,1.733,1.333,0.333,1.667,0.0,0.067,1,0.067,0.333,1.0,0.2,0.6,2.6,0.733,0.533,0.267,0.2,0.0,2.4,0.733,0.306,3.833
Jason Hart,24.0,SAS,10,9.257,09:15,0.526,1.0,0.0,2.6,1.3,1.2,1.5,0.7,0.1,8,0.8,0.4,0.9,0.8,1.6,1.9,1.0,0.6,0.6,0.2,0.0,1.7,1.0,0.588,7.56
Theo Ratliff,29.0,ATL,3,27.383,27:22,0.5,0.545,,8.667,5.333,0.333,0.143,0.333,2.667,9,3.0,1.667,3.667,2.333,2.667,6.667,3.333,3.667,2.0,0.0,0.0,6.667,3.333,0.5,22.233
Jelani McCoy,24.0,LAL,21,4.958,04:57,0.571,0.25,,1.238,1.19,0.333,0.875,0.0,0.238,5,0.238,0.381,0.81,0.381,0.667,1.0,0.571,0.381,0.095,0.0,0.0,1.0,0.571,0.571,3.5
DeSagana Diop,20.0,CLE,18,6.083,06:04,0.414,0.2,,1.389,0.944,0.278,0.417,0.056,0.556,11,0.611,0.278,0.667,0.667,1.056,1.611,0.667,0.278,0.056,0.0,0.0,1.611,0.667,0.414,4.106
Damone Brown,23.0,PHI,17,3.752,03:45,0.381,0.875,0.0,1.353,0.235,0.118,0.222,0.059,0.059,2,0.118,0.118,0.118,0.529,0.647,1.235,0.471,0.471,0.412,0.059,0.0,1.176,0.471,0.4,1.635
Michael Stewart,27.0,TOR,11,8.303,08:18,0.348,0.545,,2.0,2.273,0.273,0.75,0.364,0.273,7,0.636,1.091,1.182,0.364,2.0,2.091,0.727,1.0,0.545,0.0,0.0,2.091,0.727,0.348,6.682
Chucky Brown,34.0,SAC,18,5.11,05:06,0.37,0.5,,1.167,1.833,0.333,1.2,0.111,0.222,6,0.333,0.556,1.278,0.278,0.667,1.5,0.556,0.111,0.056,0.0,0.0,1.5,0.556,0.37,4.589
Reggie Slater,31.0,ATL,8,5.934,05:56,0.467,0.7,,2.625,1.125,0.125,1.0,0.125,0.125,2,0.25,0.625,0.5,0.125,0.375,1.875,0.875,1.25,0.875,0.0,0.0,1.875,0.875,0.467,4.788
Maurice Evans,23.0,MIN,10,4.296,04:17,0.474,0.75,0.0,2.1,0.4,0.4,2.0,0.0,0.0,0,0.0,0.3,0.1,0.2,0.9,1.9,0.9,0.4,0.3,0.3,0.0,1.6,0.9,0.562,2.98
Mamadou N'diaye,27.0,TOR,5,9.354,09:21,0.6,0.8,,4.0,2.2,0.0,0.0,0.0,0.4,2,0.4,1.2,1.0,0.2,1.2,2.0,1.2,2.0,1.6,0.0,0.0,2.0,1.2,0.6,7.64
Tang Hamilton,24.0,MIA,9,10.883,10:52,0.526,0.0,0.0,2.222,2.0,0.556,2.5,0.444,0.0,4,0.444,0.667,1.333,0.222,1.111,2.111,1.111,0.111,0.0,0.111,0.0,2.0,1.111,0.556,6.567
Jeff Trepagnier,22.0,CLE,12,6.342,06:20,0.304,0.571,0.0,1.5,1.0,1.0,1.091,0.667,0.333,12,1.0,0.25,0.75,0.917,0.667,1.917,0.583,0.583,0.333,0.083,0.0,1.833,0.583,0.318,6.283
Brian Cardinal,25.0,DET,8,5.323,05:19,0.462,1.0,0.429,2.125,0.75,0.25,inf,0.125,0.0,1,0.125,0.25,0.5,0.0,0.625,1.625,0.75,0.25,0.25,0.875,0.375,0.75,0.375,0.5,3.775
Michael Ruffin,25.0,PHI,15,11.249,11:14,0.269,0.25,,1.067,3.4,0.333,0.455,0.333,0.533,13,0.867,1.533,1.867,0.733,1.533,1.733,0.467,0.533,0.133,0.0,0.0,1.733,0.467,0.269,7.513
Jerome Moiso,24.0,CHH,15,4.973,04:58,0.4,,,1.067,1.667,0.267,0.5,0.2,0.133,5,0.333,0.267,1.4,0.533,0.8,1.333,0.533,0.0,0.0,0.0,0.0,1.333,0.533,0.4,3.933
Tim James,25.0,PHI,9,4.549,04:32,0.385,0.333,,1.333,0.778,0.111,0.333,0.0,0.111,1,0.111,0.556,0.222,0.333,0.556,1.444,0.556,0.667,0.222,0.0,0.0,1.444,0.556,0.385,2.433
Ike Fontaine,27.0,MEM,6,12.667,12:40,0.214,0.667,0.2,1.833,0.833,0.667,1.0,0.0,0.0,0,0.0,0.0,0.833,0.667,1.0,2.333,0.5,1.0,0.667,0.833,0.167,1.5,0.333,0.222,3.167
Elliot Perry,33.0,MEM,2,23.8,23:48,0.5,0.5,,5.5,2.0,3.5,1.0,1.5,0.0,3,1.5,0.0,2.0,3.5,3.0,5.0,2.5,1.0,0.5,0.0,0.0,5.0,2.5,0.5,14.15
Jeryl Sasser,23.0,ORL,7,4.887,04:53,0.214,0.8,,1.429,1.0,0.286,1.0,0.429,0.0,3,0.429,0.429,0.571,0.286,0.429,2.0,0.429,0.714,0.571,0.0,0.0,2.0,0.429,0.214,4.057
Ira Bowman,29.0,PHI,3,9.706,09:42,0.714,,0.0,3.333,0.333,0.333,inf,0.667,0.0,2,0.667,0.0,0.333,0.0,1.0,2.333,1.667,0.0,0.0,0.333,0.0,2.0,1.667,0.833,6.233
Antonio Harvey,31.0,SEA,5,9.518,09:31,0.333,0.5,,1.8,1.8,1.0,1.667,0.2,0.6,4,0.8,1.0,0.8,0.6,1.6,2.4,0.8,0.4,0.2,0.0,0.0,2.4,0.8,0.333,7.26
Daniel Santiago,26.0,PHX,3,8.106,08:06,0.5,,,2.667,2.333,0.667,1.0,0.0,0.333,1,0.333,0.0,2.333,0.667,1.333,2.667,1.333,0.0,0.0,0.0,0.0,2.667,1.333,0.5,6.8
Charlie Bell,23.0,DAL,7,5.999,05:59,0.273,1.0,0.0,1.143,0.714,0.286,0.4,0.0,0.0,0,0.0,0.286,0.429,0.714,0.429,1.571,0.429,0.286,0.286,0.857,0.0,0.714,0.429,0.6,1.714
Greg Foster,33.0,MIL,6,4.169,04:10,0.222,0.75,0.0,1.167,1.333,0.167,inf,0.0,0.0,0,0.0,0.0,1.333,0.0,0.667,1.5,0.333,0.667,0.5,0.667,0.0,0.833,0.333,0.4,3.017
Dee Brown,33.0,ORL,7,9.402,09:24,0.15,,0.083,1.0,1.286,0.286,0.5,0.429,0.143,4,0.571,0.0,1.286,0.571,0.571,2.857,0.429,0.0,0.0,1.714,0.143,1.143,0.286,0.25,4.114
Joseph Forte,21.0,BOS,8,4.754,04:45,0.083,1.0,0.0,0.75,0.75,0.75,2.0,0.25,0.0,2,0.25,0.125,0.625,0.375,0.125,1.5,0.125,0.5,0.5,0.375,0.0,1.125,0.125,0.111,3.15
Steve Goodrich,26.0,NJN,9,5.493,05:29,0.2,0.5,,0.556,0.556,0.556,1.667,0.111,0.222,3,0.333,0.111,0.444,0.333,1.111,1.111,0.222,0.222,0.111,0.0,0.0,1.111,0.222,0.2,2.722
Ratko Varda,23.0,DET,1,5.65,05:39,0.667,1.0,,5.0,1.0,0.0,0.0,0.0,0.0,0,0.0,0.0,1.0,1.0,3.0,3.0,2.0,1.0,1.0,0.0,0.0,3.0,2.0,0.667,5.2
Mike Penberthy,27.0,LAL,3,3.961,03:57,0.5,0.75,,1.667,0.667,0.667,inf,0.667,0.0,2,0.667,0.0,0.667,0.0,0.0,0.667,0.333,1.333,1.0,0.0,0.0,0.667,0.333,0.5,5.467
Eldridge Recasner,34.0,LAC,6,5.481,05:28,0.333,1.0,0.0,0.833,0.0,0.833,5.0,0.167,0.0,1,0.167,0.0,0.0,0.167,0.667,1.0,0.333,0.167,0.167,0.167,0.0,0.833,0.333,0.4,2.417
Jamison Brewer,21.0,IND,13,3.187,03:11,0.4,,0.0,0.308,0.615,0.692,3.0,0.154,0.0,2,0.154,0.154,0.462,0.231,0.231,0.385,0.154,0.0,0.0,0.077,0.0,0.308,0.154,0.5,2.315
Ernest Brown,23.0,MIA,3,7.143,07:08,0.167,0.25,,1.0,2.0,0.0,0.0,0.0,0.333,1,0.333,0.333,1.667,1.0,1.333,2.0,0.333,1.333,0.333,0.0,0.0,2.0,0.333,0.167,3.4
Larry Robinson,34.0,NYK,2,5.442,05:26,0.25,,0.5,1.5,1.0,0.0,,0.0,0.0,0,0.0,0.0,1.0,0.0,0.5,2.0,0.5,0.0,0.0,1.0,0.5,1.0,0.0,0.0,2.7
Matt Geiger,32.0,PHI,4,8.796,08:47,0.125,0.5,,0.75,1.5,0.0,0.0,0.0,0.5,2,0.5,0.75,0.75,0.5,0.5,2.0,0.25,0.5,0.25,0.0,0.0,2.0,0.25,0.125,3.55
Vinny Del Negro,35.0,PHX,2,2.594,02:35,0.25,,,1.0,0.0,1.0,inf,0.0,0.0,0,0.0,0.0,0.0,0.0,0.0,2.0,0.5,0.0,0.0,0.0,0.0,2.0,0.5,0.25,2.5
Darrick Martin,31.0,DAL,3,7.471,07:28,0.0,0.5,0.0,0.333,0.333,1.0,3.0,0.667,0.0,2,0.667,0.0,0.333,0.333,1.333,3.333,0.0,0.667,0.333,0.667,0.0,2.667,0.0,0.0,3.9
Randy Brown,34.0,BOS,1,5.85,05:51,0.0,,,0.0,0.0,2.0,inf,0.0,1.0,1,1.0,0.0,0.0,0.0,1.0,1.0,0.0,0.0,0.0,0.0,0.0,1.0,0.0,0.0,6.0
Dickey Simpkins,30.0,ATL,1,2.767,02:46,,,,0.0,0.0,1.0,inf,0.0,0.0,0,0.0,0.0,0.0,0.0,0.0,0.0,0.0,0.0,0.0,0.0,0.0,0.0,0.0,,1.5
